-- --------------------------------------------------------
-- Host:                         127.0.0.1
-- Server version:               8.0.30 - MySQL Community Server - GPL
-- Server OS:                    Win64
-- HeidiSQL Version:             12.1.0.6537
-- --------------------------------------------------------

/*!40101 SET @OLD_CHARACTER_SET_CLIENT=@@CHARACTER_SET_CLIENT */;
/*!40101 SET NAMES utf8 */;
/*!50503 SET NAMES utf8mb4 */;
/*!40103 SET @OLD_TIME_ZONE=@@TIME_ZONE */;
/*!40103 SET TIME_ZONE='+00:00' */;
/*!40014 SET @OLD_FOREIGN_KEY_CHECKS=@@FOREIGN_KEY_CHECKS, FOREIGN_KEY_CHECKS=0 */;
/*!40101 SET @OLD_SQL_MODE=@@SQL_MODE, SQL_MODE='NO_AUTO_VALUE_ON_ZERO' */;
/*!40111 SET @OLD_SQL_NOTES=@@SQL_NOTES, SQL_NOTES=0 */;


-- Dumping database structure for real_sql
CREATE DATABASE IF NOT EXISTS `real_sql` /*!40100 DEFAULT CHARACTER SET utf8mb4 COLLATE utf8mb4_unicode_ci */ /*!80016 DEFAULT ENCRYPTION='N' */;
USE `real_sql`;

-- Dumping structure for table real_sql.categories
CREATE TABLE IF NOT EXISTS `categories` (
  `id` int NOT NULL AUTO_INCREMENT,
  `name` varchar(100) COLLATE utf8mb4_unicode_ci NOT NULL,
  `created_at` datetime DEFAULT CURRENT_TIMESTAMP,
  `updated_at` datetime DEFAULT NULL ON UPDATE CURRENT_TIMESTAMP,
  PRIMARY KEY (`id`)
) ENGINE=InnoDB AUTO_INCREMENT=16 DEFAULT CHARSET=utf8mb4 COLLATE=utf8mb4_unicode_ci;

-- Dumping data for table real_sql.categories: ~0 rows (approximately)
INSERT INTO `categories` (`id`, `name`, `created_at`, `updated_at`) VALUES
	(1, 'Categorie 01', '2023-11-04 16:42:51', NULL),
	(2, 'Categorie 02', '2023-11-04 16:42:51', NULL),
	(3, 'Categorie 03', '2023-11-04 16:42:51', NULL),
	(4, 'Categorie 04', '2023-11-04 16:42:51', NULL),
	(5, 'Categorie 05', '2023-11-04 16:42:51', NULL),
	(6, 'Categorie 06', '2023-11-04 16:42:51', NULL),
	(7, 'Categorie 07', '2023-11-04 16:42:51', NULL),
	(8, 'Categorie 08', '2023-11-04 16:42:51', NULL),
	(9, 'Categorie 09', '2023-11-04 16:42:51', NULL),
	(10, 'Categorie 10', '2023-11-04 16:42:51', NULL),
	(11, 'Categorie 11', '2023-11-04 16:42:51', NULL),
	(12, 'Categorie 12', '2023-11-04 16:42:51', NULL),
	(13, 'Categorie 13', '2023-11-04 16:42:51', NULL),
	(14, 'Categorie 14', '2023-11-04 16:42:51', NULL),
	(15, 'Categorie 15', '2023-11-04 16:42:51', NULL);

-- Dumping structure for table real_sql.customers
CREATE TABLE IF NOT EXISTS `customers` (
  `id` int NOT NULL AUTO_INCREMENT,
  `name` varchar(100) COLLATE utf8mb4_unicode_ci NOT NULL,
  `email` varchar(100) COLLATE utf8mb4_unicode_ci NOT NULL,
  `location` varchar(255) COLLATE utf8mb4_unicode_ci NOT NULL,
  `created_at` datetime DEFAULT CURRENT_TIMESTAMP,
  `updated_at` datetime DEFAULT NULL ON UPDATE CURRENT_TIMESTAMP,
  PRIMARY KEY (`id`),
  UNIQUE KEY `email` (`email`)
) ENGINE=InnoDB AUTO_INCREMENT=10 DEFAULT CHARSET=utf8mb4 COLLATE=utf8mb4_unicode_ci;

-- Dumping data for table real_sql.customers: ~0 rows (approximately)
INSERT INTO `customers` (`id`, `name`, `email`, `location`, `created_at`, `updated_at`) VALUES
	(1, 'Sanjib', 'sanjib@abc.com', 'Uttara, Dhaka', '2023-11-04 16:39:31', NULL),
	(2, 'Rana', 'rana@abc.com', 'Uttara, Dhaka', '2023-11-04 16:39:31', NULL),
	(3, 'Babu', 'babu@abc.com', 'Uttara, Dhaka', '2023-11-04 16:39:31', NULL),
	(4, 'Dwip', 'dwip@abc.com', 'Uttara, Dhaka', '2023-11-04 16:39:31', NULL),
	(5, 'Rashel', 'rashel@abc.com', 'Uttara, Dhaka', '2023-11-04 16:39:31', NULL),
	(6, 'Rahim', 'rahim@abc.com', 'Uttara, Dhaka', '2023-11-04 16:39:31', NULL),
	(7, 'Ram', 'ram@abc.com', 'Uttara, Dhaka', '2023-11-04 16:39:31', NULL),
	(8, 'Joy', 'joy@abc.com', 'Uttara, Dhaka', '2023-11-04 16:39:31', NULL),
	(9, 'Masud', 'masud@abc.com', 'Uttara, Dhaka', '2023-11-04 16:39:31', NULL);

-- Dumping structure for table real_sql.orders
CREATE TABLE IF NOT EXISTS `orders` (
  `id` int NOT NULL AUTO_INCREMENT,
  `customer_id` int DEFAULT NULL,
  `amount` float(7,2) NOT NULL DEFAULT '0.00',
  `created_at` datetime DEFAULT CURRENT_TIMESTAMP,
  `updated_at` datetime DEFAULT NULL ON UPDATE CURRENT_TIMESTAMP,
  PRIMARY KEY (`id`)
) ENGINE=InnoDB AUTO_INCREMENT=101 DEFAULT CHARSET=utf8mb4 COLLATE=utf8mb4_unicode_ci;

-- Dumping data for table real_sql.orders: ~0 rows (approximately)
INSERT INTO `orders` (`id`, `customer_id`, `amount`, `created_at`, `updated_at`) VALUES
	(1, 8, 12478.34, '2023-11-05 11:10:19', '2023-11-05 11:30:50'),
	(2, 7, 40286.17, '2023-11-05 11:10:19', '2023-11-05 11:30:50'),
	(3, 2, 51518.54, '2023-11-05 11:10:19', '2023-11-05 11:30:50'),
	(4, 4, 60967.98, '2023-11-05 11:10:19', '2023-11-05 11:30:50'),
	(5, 9, 14426.79, '2023-11-05 11:10:19', '2023-11-05 11:30:50'),
	(6, 5, 31968.24, '2023-11-05 11:10:19', '2023-11-05 11:30:50'),
	(7, 5, 45387.73, '2023-11-05 11:10:19', '2023-11-05 11:30:50'),
	(8, 5, 54095.31, '2023-11-05 11:10:19', '2023-11-05 11:30:50'),
	(9, 5, 34808.88, '2023-11-05 11:10:19', '2023-11-05 11:30:50'),
	(10, 8, 15329.40, '2023-11-05 11:10:19', '2023-11-05 11:30:50'),
	(11, 1, 26543.60, '2023-11-05 11:10:19', '2023-11-05 11:30:50'),
	(12, 5, 41004.77, '2023-11-05 11:10:19', '2023-11-05 11:30:50'),
	(13, 7, 34975.73, '2023-11-05 11:10:19', '2023-11-05 11:30:50'),
	(14, 8, 31922.32, '2023-11-05 11:10:19', '2023-11-05 11:30:50'),
	(15, 3, 40800.19, '2023-11-05 11:10:19', '2023-11-05 11:30:50'),
	(16, 6, 29791.04, '2023-11-05 11:10:19', '2023-11-05 11:30:50'),
	(17, 7, 20267.21, '2023-11-05 11:10:19', '2023-11-05 11:30:50'),
	(18, 1, 37228.00, '2023-11-05 11:10:19', '2023-11-05 11:30:50'),
	(19, 1, 23364.08, '2023-11-05 11:10:19', '2023-11-05 11:30:50'),
	(20, 1, 14079.55, '2023-11-05 11:10:19', '2023-11-05 11:30:50'),
	(21, 4, 16342.65, '2023-11-05 11:10:19', '2023-11-05 11:30:50'),
	(22, 8, 27876.27, '2023-11-05 11:10:19', '2023-11-05 11:30:50'),
	(23, 3, 23687.47, '2023-11-05 11:10:19', '2023-11-05 11:30:50'),
	(24, 9, 42462.63, '2023-11-05 11:10:19', '2023-11-05 11:30:50'),
	(25, 3, 25649.70, '2023-11-05 11:10:19', '2023-11-05 11:30:50'),
	(26, 4, 20256.98, '2023-11-05 11:10:19', '2023-11-05 11:30:50'),
	(27, 3, 10098.62, '2023-11-05 11:10:19', '2023-11-05 11:30:50'),
	(28, 2, 39004.51, '2023-11-05 11:10:19', '2023-11-05 11:30:50'),
	(29, 7, 44801.35, '2023-11-05 11:10:19', '2023-11-05 11:30:50'),
	(30, 1, 16245.92, '2023-11-05 11:10:19', '2023-11-05 11:30:50'),
	(31, 6, 51926.07, '2023-11-05 11:10:19', '2023-11-05 11:30:50'),
	(32, 9, 21559.62, '2023-11-05 11:10:19', '2023-11-05 11:30:50'),
	(33, 2, 36271.69, '2023-11-05 11:10:19', '2023-11-05 11:30:50'),
	(34, 7, 50923.68, '2023-11-05 11:10:19', '2023-11-05 11:30:50'),
	(35, 2, 38226.45, '2023-11-05 11:10:19', '2023-11-05 11:30:50'),
	(36, 9, 19163.59, '2023-11-05 11:10:19', '2023-11-05 11:30:50'),
	(37, 7, 18546.85, '2023-11-05 11:10:19', '2023-11-05 11:30:50'),
	(38, 9, 26509.48, '2023-11-05 11:10:19', '2023-11-05 11:30:50'),
	(39, 3, 36270.51, '2023-11-05 11:10:19', '2023-11-05 11:30:50'),
	(40, 9, 24475.98, '2023-11-05 11:10:19', '2023-11-05 11:30:50'),
	(41, 5, 28382.21, '2023-11-05 11:10:19', '2023-11-05 11:30:50'),
	(42, 5, 51214.40, '2023-11-05 11:10:19', '2023-11-05 11:30:50'),
	(43, 7, 24532.44, '2023-11-05 11:10:19', '2023-11-05 11:30:50'),
	(44, 9, 37244.10, '2023-11-05 11:10:19', '2023-11-05 11:30:50'),
	(45, 7, 28626.95, '2023-11-05 11:10:19', '2023-11-05 11:30:50'),
	(46, 1, 32397.51, '2023-11-05 11:10:19', '2023-11-05 11:30:50'),
	(47, 3, 21200.71, '2023-11-05 11:10:19', '2023-11-05 11:30:50'),
	(48, 6, 26887.15, '2023-11-05 11:10:19', '2023-11-05 11:30:50'),
	(49, 4, 37564.45, '2023-11-05 11:10:19', '2023-11-05 11:30:50'),
	(50, 2, 22816.79, '2023-11-05 11:10:19', '2023-11-05 11:30:50'),
	(51, 3, 21973.56, '2023-11-05 11:10:19', '2023-11-05 11:30:50'),
	(52, 3, 38279.99, '2023-11-05 11:10:19', '2023-11-05 11:30:50'),
	(53, 5, 22636.54, '2023-11-05 11:10:19', '2023-11-05 11:30:50'),
	(54, 8, 20713.26, '2023-11-05 11:10:19', '2023-11-05 11:30:50'),
	(55, 3, 24118.96, '2023-11-05 11:10:19', '2023-11-05 11:30:50'),
	(56, 2, 33328.12, '2023-11-05 11:10:19', '2023-11-05 11:30:50'),
	(57, 4, 31822.04, '2023-11-05 11:10:19', '2023-11-05 11:30:50'),
	(58, 4, 23162.88, '2023-11-05 11:10:19', '2023-11-05 11:30:50'),
	(59, 6, 28233.30, '2023-11-05 11:10:19', '2023-11-05 11:30:50'),
	(60, 7, 21875.93, '2023-11-05 11:10:19', '2023-11-05 11:30:50'),
	(61, 7, 23561.48, '2023-11-05 11:10:19', '2023-11-05 11:30:50'),
	(62, 4, 20104.46, '2023-11-05 11:10:19', '2023-11-05 11:30:50'),
	(63, 5, 24018.01, '2023-11-05 11:10:19', '2023-11-05 11:30:50'),
	(64, 4, 24337.16, '2023-11-05 11:10:19', '2023-11-05 11:30:50'),
	(65, 3, 28524.71, '2023-11-05 11:10:19', '2023-11-05 11:30:50'),
	(66, 2, 34568.17, '2023-11-05 11:10:19', '2023-11-05 11:30:50'),
	(67, 9, 19591.78, '2023-11-05 11:10:19', '2023-11-05 11:30:50'),
	(68, 9, 61001.29, '2023-11-05 11:10:19', '2023-11-05 11:30:50'),
	(69, 6, 20195.48, '2023-11-05 11:10:19', '2023-11-05 11:30:50'),
	(70, 4, 28357.35, '2023-11-05 11:10:19', '2023-11-05 11:30:50'),
	(71, 5, 20750.33, '2023-11-05 11:10:19', '2023-11-05 11:30:50'),
	(72, 5, 42020.97, '2023-11-05 11:10:19', '2023-11-05 11:30:50'),
	(73, 4, 19602.58, '2023-11-05 11:10:19', '2023-11-05 11:30:50'),
	(74, 1, 50043.15, '2023-11-05 11:10:19', '2023-11-05 11:30:50'),
	(75, 6, 41554.27, '2023-11-05 11:10:19', '2023-11-05 11:30:50'),
	(76, 8, 5498.73, '2023-11-05 11:10:19', '2023-11-05 11:30:50'),
	(77, 7, 22255.60, '2023-11-05 11:10:19', '2023-11-05 11:30:50'),
	(78, 1, 28127.53, '2023-11-05 11:10:19', '2023-11-05 11:30:50'),
	(79, 9, 31405.04, '2023-11-05 11:10:19', '2023-11-05 11:30:50'),
	(80, 3, 31177.83, '2023-11-05 11:10:19', '2023-11-05 11:30:50'),
	(81, 7, 23767.39, '2023-11-05 11:10:19', '2023-11-05 11:30:50'),
	(82, 6, 15467.63, '2023-11-05 11:10:19', '2023-11-05 11:30:50'),
	(83, 2, 23680.00, '2023-11-05 11:10:19', '2023-11-05 11:30:50'),
	(84, 3, 38172.77, '2023-11-05 11:10:19', '2023-11-05 11:30:50'),
	(85, 1, 25562.24, '2023-11-05 11:10:19', '2023-11-05 11:30:50'),
	(86, 2, 11318.36, '2023-11-05 11:10:19', '2023-11-05 11:30:50'),
	(87, 2, 33124.87, '2023-11-05 11:10:19', '2023-11-05 11:30:50'),
	(88, 3, 20816.04, '2023-11-05 11:10:19', '2023-11-05 11:30:50'),
	(89, 6, 9183.46, '2023-11-05 11:10:19', '2023-11-05 11:30:50'),
	(90, 2, 25373.32, '2023-11-05 11:10:19', '2023-11-05 11:30:50'),
	(91, 1, 17846.26, '2023-11-05 11:10:19', '2023-11-05 11:30:50'),
	(92, 6, 28319.54, '2023-11-05 11:10:19', '2023-11-05 11:30:50'),
	(93, 7, 37589.35, '2023-11-05 11:10:19', '2023-11-05 11:30:50'),
	(94, 3, 15807.29, '2023-11-05 11:10:19', '2023-11-05 11:30:50'),
	(95, 4, 75745.94, '2023-11-05 11:10:19', '2023-11-05 11:30:50'),
	(96, 6, 18031.56, '2023-11-05 11:10:19', '2023-11-05 11:30:50'),
	(97, 4, 23430.83, '2023-11-05 11:10:19', '2023-11-05 11:30:50'),
	(98, 7, 35737.59, '2023-11-05 11:10:19', '2023-11-05 11:30:50'),
	(99, 8, 8215.61, '2023-11-05 11:10:19', '2023-11-05 11:30:50'),
	(100, 5, 34574.42, '2023-11-05 11:10:19', '2023-11-05 11:30:50');

-- Dumping structure for table real_sql.order_items
CREATE TABLE IF NOT EXISTS `order_items` (
  `id` int NOT NULL AUTO_INCREMENT,
  `order_id` int NOT NULL,
  `product_id` int NOT NULL,
  `quantity` int NOT NULL,
  `price` float(7,2) NOT NULL DEFAULT '0.00',
  `created_at` datetime DEFAULT CURRENT_TIMESTAMP,
  `updated_at` datetime DEFAULT NULL ON UPDATE CURRENT_TIMESTAMP,
  PRIMARY KEY (`id`)
) ENGINE=InnoDB AUTO_INCREMENT=1001 DEFAULT CHARSET=utf8mb4 COLLATE=utf8mb4_unicode_ci;

-- Dumping data for table real_sql.order_items: ~0 rows (approximately)
INSERT INTO `order_items` (`id`, `order_id`, `product_id`, `quantity`, `price`, `created_at`, `updated_at`) VALUES
	(1, 57, 335, 8, 471.87, '2023-11-05 11:14:43', '2023-11-05 11:21:20'),
	(2, 79, 342, 9, 691.74, '2023-11-05 11:14:43', '2023-11-05 11:21:20'),
	(3, 55, 423, 2, 960.04, '2023-11-05 11:14:43', '2023-11-05 11:21:20'),
	(4, 73, 65, 4, 1008.91, '2023-11-05 11:14:43', '2023-11-05 11:21:20'),
	(5, 4, 91, 5, 153.60, '2023-11-05 11:14:43', '2023-11-05 11:21:20'),
	(6, 64, 340, 8, 175.61, '2023-11-05 11:14:43', '2023-11-05 11:21:20'),
	(7, 62, 391, 4, 946.34, '2023-11-05 11:14:43', '2023-11-05 11:21:20'),
	(8, 38, 453, 8, 835.25, '2023-11-05 11:14:43', '2023-11-05 11:21:20'),
	(9, 17, 489, 2, 890.88, '2023-11-05 11:14:43', '2023-11-05 11:21:20'),
	(10, 24, 342, 6, 667.89, '2023-11-05 11:14:43', '2023-11-05 11:21:20'),
	(11, 95, 296, 4, 1061.65, '2023-11-05 11:14:43', '2023-11-05 11:21:20'),
	(12, 71, 434, 1, 171.83, '2023-11-05 11:14:43', '2023-11-05 11:21:20'),
	(13, 43, 284, 5, 757.68, '2023-11-05 11:14:43', '2023-11-05 11:21:20'),
	(14, 12, 23, 2, 482.97, '2023-11-05 11:14:43', '2023-11-05 11:21:20'),
	(15, 37, 147, 4, 134.18, '2023-11-05 11:14:43', '2023-11-05 11:21:20'),
	(16, 65, 361, 6, 164.30, '2023-11-05 11:14:43', '2023-11-05 11:21:20'),
	(17, 17, 265, 3, 229.51, '2023-11-05 11:14:43', '2023-11-05 11:21:20'),
	(18, 17, 391, 6, 823.97, '2023-11-05 11:14:43', '2023-11-05 11:21:20'),
	(19, 25, 456, 10, 987.36, '2023-11-05 11:14:43', '2023-11-05 11:21:20'),
	(20, 1, 473, 2, 553.51, '2023-11-05 11:14:43', '2023-11-05 11:21:20'),
	(21, 100, 223, 9, 509.60, '2023-11-05 11:14:43', '2023-11-05 11:21:20'),
	(22, 54, 206, 4, 122.49, '2023-11-05 11:14:43', '2023-11-05 11:21:20'),
	(23, 69, 13, 7, 160.35, '2023-11-05 11:14:43', '2023-11-05 11:21:20'),
	(24, 68, 283, 9, 708.51, '2023-11-05 11:14:43', '2023-11-05 11:21:20'),
	(25, 74, 400, 4, 990.70, '2023-11-05 11:14:43', '2023-11-05 11:21:20'),
	(26, 77, 136, 10, 415.61, '2023-11-05 11:14:43', '2023-11-05 11:21:20'),
	(27, 18, 182, 4, 62.55, '2023-11-05 11:14:43', '2023-11-05 11:21:20'),
	(28, 95, 83, 2, 775.58, '2023-11-05 11:14:43', '2023-11-05 11:21:20'),
	(29, 97, 354, 6, 245.16, '2023-11-05 11:14:43', '2023-11-05 11:21:20'),
	(30, 12, 177, 10, 128.22, '2023-11-05 11:14:43', '2023-11-05 11:21:20'),
	(31, 3, 26, 3, 639.14, '2023-11-05 11:14:43', '2023-11-05 11:21:20'),
	(32, 8, 118, 9, 192.35, '2023-11-05 11:14:43', '2023-11-05 11:21:20'),
	(33, 28, 274, 3, 652.92, '2023-11-05 11:14:43', '2023-11-05 11:21:20'),
	(34, 33, 390, 7, 461.52, '2023-11-05 11:14:43', '2023-11-05 11:21:20'),
	(35, 16, 443, 10, 701.64, '2023-11-05 11:14:43', '2023-11-05 11:21:20'),
	(36, 19, 182, 3, 61.98, '2023-11-05 11:14:43', '2023-11-05 11:21:20'),
	(37, 92, 278, 10, 675.87, '2023-11-05 11:14:43', '2023-11-05 11:21:20'),
	(38, 37, 195, 1, 882.07, '2023-11-05 11:14:43', '2023-11-05 11:21:20'),
	(39, 32, 295, 2, 329.57, '2023-11-05 11:14:43', '2023-11-05 11:21:20'),
	(40, 30, 489, 7, 836.65, '2023-11-05 11:14:43', '2023-11-05 11:21:20'),
	(41, 83, 253, 1, 1081.64, '2023-11-05 11:14:43', '2023-11-05 11:21:20'),
	(42, 83, 402, 1, 802.27, '2023-11-05 11:14:43', '2023-11-05 11:21:20'),
	(43, 21, 378, 6, 243.48, '2023-11-05 11:14:43', '2023-11-05 11:16:57'),
	(44, 90, 62, 5, 68.73, '2023-11-05 11:14:43', '2023-11-05 11:21:20'),
	(45, 2, 141, 8, 381.19, '2023-11-05 11:14:43', '2023-11-05 11:21:20'),
	(46, 70, 63, 10, 12.25, '2023-11-05 11:14:43', '2023-11-05 11:21:20'),
	(47, 67, 189, 2, 297.65, '2023-11-05 11:14:43', '2023-11-05 11:16:57'),
	(48, 49, 461, 9, 1087.08, '2023-11-05 11:14:43', '2023-11-05 11:21:20'),
	(49, 59, 308, 1, 425.06, '2023-11-05 11:14:43', '2023-11-05 11:21:20'),
	(50, 74, 172, 6, 296.57, '2023-11-05 11:14:43', '2023-11-05 11:21:20'),
	(51, 3, 414, 10, 301.32, '2023-11-05 11:14:43', '2023-11-05 11:21:20'),
	(52, 79, 238, 7, 157.86, '2023-11-05 11:14:43', '2023-11-05 11:21:20'),
	(53, 100, 43, 2, 1058.34, '2023-11-05 11:14:43', '2023-11-05 11:21:20'),
	(54, 79, 35, 1, 212.68, '2023-11-05 11:14:43', '2023-11-05 11:21:20'),
	(55, 55, 65, 5, 905.44, '2023-11-05 11:14:43', '2023-11-05 11:21:20'),
	(56, 57, 441, 3, 165.71, '2023-11-05 11:14:43', '2023-11-05 11:21:20'),
	(57, 81, 167, 6, 69.82, '2023-11-05 11:14:43', '2023-11-05 11:21:20'),
	(58, 47, 436, 8, 561.33, '2023-11-05 11:14:43', '2023-11-05 11:21:20'),
	(59, 6, 445, 3, 519.77, '2023-11-05 11:14:43', '2023-11-05 11:21:20'),
	(60, 63, 485, 8, 1120.29, '2023-11-05 11:14:43', '2023-11-05 11:21:20'),
	(61, 34, 269, 6, 696.57, '2023-11-05 11:14:43', '2023-11-05 11:21:20'),
	(62, 98, 429, 10, 681.12, '2023-11-05 11:14:43', '2023-11-05 11:16:57'),
	(63, 41, 370, 6, 765.71, '2023-11-05 11:14:43', '2023-11-05 11:21:20'),
	(64, 92, 110, 8, 660.02, '2023-11-05 11:14:43', '2023-11-05 11:21:20'),
	(65, 16, 176, 1, 160.27, '2023-11-05 11:14:43', '2023-11-05 11:21:20'),
	(66, 22, 326, 3, 443.85, '2023-11-05 11:14:43', '2023-11-05 11:21:20'),
	(67, 44, 283, 6, 682.75, '2023-11-05 11:14:43', '2023-11-05 11:21:20'),
	(68, 92, 76, 6, 324.59, '2023-11-05 11:14:43', '2023-11-05 11:21:20'),
	(69, 2, 64, 6, 569.45, '2023-11-05 11:14:43', '2023-11-05 11:21:20'),
	(70, 99, 76, 7, 327.60, '2023-11-05 11:14:43', '2023-11-05 11:21:20'),
	(71, 39, 445, 2, 470.05, '2023-11-05 11:14:43', '2023-11-05 11:21:20'),
	(72, 41, 13, 1, 193.69, '2023-11-05 11:14:43', '2023-11-05 11:21:20'),
	(73, 66, 61, 5, 43.28, '2023-11-05 11:14:43', '2023-11-05 11:21:20'),
	(74, 82, 274, 5, 717.04, '2023-11-05 11:14:43', '2023-11-05 11:21:20'),
	(75, 74, 205, 10, 1018.82, '2023-11-05 11:14:43', '2023-11-05 11:21:20'),
	(76, 53, 258, 8, 660.38, '2023-11-05 11:14:43', '2023-11-05 11:21:20'),
	(77, 75, 148, 7, 869.17, '2023-11-05 11:14:43', '2023-11-05 11:21:20'),
	(78, 90, 126, 3, 317.99, '2023-11-05 11:14:43', '2023-11-05 11:21:20'),
	(79, 24, 189, 10, 297.65, '2023-11-05 11:14:43', '2023-11-05 11:16:57'),
	(80, 65, 45, 2, 448.26, '2023-11-05 11:14:43', '2023-11-05 11:21:20'),
	(81, 84, 435, 9, 1085.48, '2023-11-05 11:14:43', '2023-11-05 11:21:20'),
	(82, 83, 401, 1, 268.09, '2023-11-05 11:14:43', '2023-11-05 11:21:20'),
	(83, 18, 93, 8, 388.20, '2023-11-05 11:14:43', '2023-11-05 11:21:20'),
	(84, 10, 167, 2, 71.03, '2023-11-05 11:14:43', '2023-11-05 11:21:20'),
	(85, 12, 442, 10, 939.42, '2023-11-05 11:14:43', '2023-11-05 11:21:20'),
	(86, 68, 448, 8, 176.87, '2023-11-05 11:14:43', '2023-11-05 11:21:20'),
	(87, 4, 399, 7, 1057.12, '2023-11-05 11:14:43', '2023-11-05 11:21:20'),
	(88, 18, 364, 8, 215.74, '2023-11-05 11:14:43', '2023-11-05 11:21:20'),
	(89, 21, 273, 3, 982.29, '2023-11-05 11:14:43', '2023-11-05 11:21:20'),
	(90, 31, 413, 1, 925.94, '2023-11-05 11:14:43', '2023-11-05 11:21:20'),
	(91, 69, 16, 9, 183.49, '2023-11-05 11:14:43', '2023-11-05 11:21:20'),
	(92, 56, 363, 8, 366.72, '2023-11-05 11:14:43', '2023-11-05 11:21:20'),
	(93, 87, 140, 6, 188.07, '2023-11-05 11:14:43', '2023-11-05 11:21:20'),
	(94, 43, 145, 4, 229.21, '2023-11-05 11:14:43', '2023-11-05 11:21:20'),
	(95, 97, 273, 10, 847.62, '2023-11-05 11:14:43', '2023-11-05 11:21:20'),
	(96, 17, 424, 9, 44.41, '2023-11-05 11:14:43', '2023-11-05 11:21:20'),
	(97, 73, 243, 4, 878.38, '2023-11-05 11:14:43', '2023-11-05 11:21:20'),
	(98, 38, 120, 8, 68.75, '2023-11-05 11:14:43', '2023-11-05 11:21:20'),
	(99, 21, 373, 8, 300.20, '2023-11-05 11:14:43', '2023-11-05 11:21:20'),
	(100, 9, 443, 10, 672.16, '2023-11-05 11:14:43', '2023-11-05 11:21:20'),
	(101, 55, 30, 6, 731.49, '2023-11-05 11:14:43', '2023-11-05 11:21:20'),
	(102, 10, 416, 7, 222.42, '2023-11-05 11:14:43', '2023-11-05 11:21:20'),
	(103, 35, 303, 7, 218.32, '2023-11-05 11:14:43', '2023-11-05 11:21:20'),
	(104, 56, 46, 10, 739.18, '2023-11-05 11:14:43', '2023-11-05 11:21:20'),
	(105, 91, 81, 1, 876.19, '2023-11-05 11:14:43', '2023-11-05 11:21:20'),
	(106, 66, 435, 2, 1037.02, '2023-11-05 11:14:43', '2023-11-05 11:21:20'),
	(107, 24, 483, 2, 523.37, '2023-11-05 11:14:43', '2023-11-05 11:21:20'),
	(108, 95, 253, 4, 977.27, '2023-11-05 11:14:43', '2023-11-05 11:21:20'),
	(109, 84, 375, 8, 902.30, '2023-11-05 11:14:43', '2023-11-05 11:21:20'),
	(110, 64, 115, 5, 71.95, '2023-11-05 11:14:43', '2023-11-05 11:21:20'),
	(111, 75, 58, 2, 250.16, '2023-11-05 11:14:43', '2023-11-05 11:21:20'),
	(112, 14, 2, 8, 306.76, '2023-11-05 11:14:43', '2023-11-05 11:21:20'),
	(113, 71, 174, 5, 822.90, '2023-11-05 11:14:43', '2023-11-05 11:21:20'),
	(114, 88, 112, 2, 111.45, '2023-11-05 11:14:43', '2023-11-05 11:21:20'),
	(115, 10, 289, 4, 315.91, '2023-11-05 11:14:43', '2023-11-05 11:21:20'),
	(116, 35, 107, 9, 150.26, '2023-11-05 11:14:43', '2023-11-05 11:21:20'),
	(117, 78, 146, 5, 515.61, '2023-11-05 11:14:43', '2023-11-05 11:21:20'),
	(118, 12, 436, 7, 610.86, '2023-11-05 11:14:43', '2023-11-05 11:21:20'),
	(119, 97, 236, 1, 69.97, '2023-11-05 11:14:43', '2023-11-05 11:21:20'),
	(120, 80, 146, 7, 469.16, '2023-11-05 11:14:43', '2023-11-05 11:21:20'),
	(121, 14, 206, 6, 115.57, '2023-11-05 11:14:43', '2023-11-05 11:21:20'),
	(122, 50, 474, 3, 246.53, '2023-11-05 11:14:43', '2023-11-05 11:21:20'),
	(123, 71, 355, 2, 72.72, '2023-11-05 11:14:43', '2023-11-05 11:21:20'),
	(124, 68, 300, 2, 1128.13, '2023-11-05 11:14:43', '2023-11-05 11:21:20'),
	(125, 91, 134, 9, 230.70, '2023-11-05 11:14:43', '2023-11-05 11:21:20'),
	(126, 23, 175, 3, 457.21, '2023-11-05 11:14:43', '2023-11-05 11:21:20'),
	(127, 37, 231, 8, 485.04, '2023-11-05 11:14:43', '2023-11-05 11:21:20'),
	(128, 57, 181, 1, 840.80, '2023-11-05 11:14:43', '2023-11-05 11:21:20'),
	(129, 8, 447, 1, 851.04, '2023-11-05 11:14:43', '2023-11-05 11:21:20'),
	(130, 81, 446, 5, 831.68, '2023-11-05 11:14:43', '2023-11-05 11:21:20'),
	(131, 28, 161, 3, 263.16, '2023-11-05 11:14:43', '2023-11-05 11:21:20'),
	(132, 18, 145, 1, 271.91, '2023-11-05 11:14:43', '2023-11-05 11:21:20'),
	(133, 73, 473, 1, 543.71, '2023-11-05 11:14:43', '2023-11-05 11:21:20'),
	(134, 87, 331, 7, 1088.79, '2023-11-05 11:14:43', '2023-11-05 11:21:20'),
	(135, 83, 343, 7, 829.86, '2023-11-05 11:14:43', '2023-11-05 11:21:20'),
	(136, 48, 13, 7, 166.70, '2023-11-05 11:14:43', '2023-11-05 11:21:20'),
	(137, 31, 84, 10, 796.30, '2023-11-05 11:14:43', '2023-11-05 11:21:20'),
	(138, 34, 235, 1, 273.35, '2023-11-05 11:14:43', '2023-11-05 11:21:20'),
	(139, 31, 40, 4, 829.70, '2023-11-05 11:14:43', '2023-11-05 11:21:20'),
	(140, 94, 216, 2, 615.17, '2023-11-05 11:14:43', '2023-11-05 11:21:20'),
	(141, 62, 95, 8, 484.05, '2023-11-05 11:14:43', '2023-11-05 11:21:20'),
	(142, 38, 233, 7, 71.53, '2023-11-05 11:14:43', '2023-11-05 11:21:20'),
	(143, 5, 276, 6, 788.74, '2023-11-05 11:14:43', '2023-11-05 11:21:20'),
	(144, 62, 141, 2, 337.08, '2023-11-05 11:14:43', '2023-11-05 11:21:20'),
	(145, 18, 453, 9, 753.22, '2023-11-05 11:14:43', '2023-11-05 11:21:20'),
	(146, 61, 411, 1, 559.61, '2023-11-05 11:14:43', '2023-11-05 11:21:20'),
	(147, 3, 399, 10, 923.87, '2023-11-05 11:14:43', '2023-11-05 11:21:20'),
	(148, 21, 134, 7, 251.06, '2023-11-05 11:14:43', '2023-11-05 11:21:20'),
	(149, 42, 398, 5, 195.74, '2023-11-05 11:14:43', '2023-11-05 11:21:20'),
	(150, 61, 189, 6, 327.41, '2023-11-05 11:14:43', '2023-11-05 11:21:20'),
	(151, 66, 5, 3, 354.57, '2023-11-05 11:14:43', '2023-11-05 11:21:20'),
	(152, 100, 207, 6, 442.82, '2023-11-05 11:14:43', '2023-11-05 11:21:20'),
	(153, 36, 214, 7, 738.96, '2023-11-05 11:14:43', '2023-11-05 11:21:20'),
	(154, 38, 404, 9, 307.40, '2023-11-05 11:14:43', '2023-11-05 11:21:20'),
	(155, 80, 14, 2, 805.66, '2023-11-05 11:14:43', '2023-11-05 11:21:20'),
	(156, 25, 59, 3, 935.59, '2023-11-05 11:14:43', '2023-11-05 11:21:20'),
	(157, 90, 145, 8, 267.42, '2023-11-05 11:14:43', '2023-11-05 11:21:20'),
	(158, 49, 309, 2, 650.05, '2023-11-05 11:14:43', '2023-11-05 11:21:20'),
	(159, 4, 104, 5, 694.73, '2023-11-05 11:14:43', '2023-11-05 11:21:20'),
	(160, 31, 132, 3, 516.49, '2023-11-05 11:14:43', '2023-11-05 11:21:20'),
	(161, 45, 22, 8, 680.89, '2023-11-05 11:14:43', '2023-11-05 11:21:20'),
	(162, 52, 210, 5, 184.73, '2023-11-05 11:14:43', '2023-11-05 11:21:20'),
	(163, 32, 376, 9, 235.11, '2023-11-05 11:14:43', '2023-11-05 11:21:20'),
	(164, 49, 271, 1, 269.57, '2023-11-05 11:14:43', '2023-11-05 11:21:20'),
	(165, 41, 424, 9, 43.57, '2023-11-05 11:14:43', '2023-11-05 11:21:20'),
	(166, 35, 49, 10, 51.92, '2023-11-05 11:14:43', '2023-11-05 11:21:20'),
	(167, 88, 204, 1, 944.36, '2023-11-05 11:14:43', '2023-11-05 11:21:20'),
	(168, 29, 225, 6, 969.87, '2023-11-05 11:14:43', '2023-11-05 11:16:57'),
	(169, 6, 63, 1, 10.78, '2023-11-05 11:14:43', '2023-11-05 11:21:20'),
	(170, 56, 320, 4, 245.17, '2023-11-05 11:14:43', '2023-11-05 11:21:20'),
	(171, 79, 360, 10, 713.96, '2023-11-05 11:14:43', '2023-11-05 11:21:20'),
	(172, 20, 102, 4, 533.96, '2023-11-05 11:14:43', '2023-11-05 11:21:20'),
	(173, 42, 104, 8, 617.54, '2023-11-05 11:14:43', '2023-11-05 11:21:20'),
	(174, 87, 382, 3, 370.55, '2023-11-05 11:14:43', '2023-11-05 11:21:20'),
	(175, 45, 212, 1, 241.66, '2023-11-05 11:14:43', '2023-11-05 11:21:20'),
	(176, 53, 466, 3, 364.61, '2023-11-05 11:14:43', '2023-11-05 11:21:20'),
	(177, 12, 372, 6, 753.68, '2023-11-05 11:14:43', '2023-11-05 11:21:20'),
	(178, 78, 412, 9, 747.96, '2023-11-05 11:14:43', '2023-11-05 11:16:57'),
	(179, 91, 204, 2, 846.66, '2023-11-05 11:14:43', '2023-11-05 11:21:20'),
	(180, 86, 381, 2, 138.98, '2023-11-05 11:14:43', '2023-11-05 11:21:20'),
	(181, 59, 73, 10, 512.77, '2023-11-05 11:14:43', '2023-11-05 11:21:20'),
	(182, 99, 62, 9, 73.36, '2023-11-05 11:14:43', '2023-11-05 11:21:20'),
	(183, 44, 346, 4, 1060.11, '2023-11-05 11:14:43', '2023-11-05 11:21:20'),
	(184, 98, 427, 3, 28.96, '2023-11-05 11:14:43', '2023-11-05 11:21:20'),
	(185, 9, 89, 4, 883.23, '2023-11-05 11:14:43', '2023-11-05 11:21:20'),
	(186, 38, 129, 6, 252.66, '2023-11-05 11:14:43', '2023-11-05 11:21:20'),
	(187, 90, 190, 3, 288.85, '2023-11-05 11:14:43', '2023-11-05 11:21:20'),
	(188, 72, 500, 7, 926.28, '2023-11-05 11:14:43', '2023-11-05 11:21:20'),
	(189, 4, 420, 2, 630.46, '2023-11-05 11:14:43', '2023-11-05 11:21:20'),
	(190, 84, 57, 9, 133.52, '2023-11-05 11:14:43', '2023-11-05 11:21:20'),
	(191, 49, 365, 10, 756.94, '2023-11-05 11:14:43', '2023-11-05 11:21:20'),
	(192, 59, 270, 5, 1000.71, '2023-11-05 11:14:43', '2023-11-05 11:21:20'),
	(193, 98, 219, 4, 265.37, '2023-11-05 11:14:43', '2023-11-05 11:21:20'),
	(194, 9, 299, 5, 1190.04, '2023-11-05 11:14:43', '2023-11-05 11:21:20'),
	(195, 8, 35, 7, 189.64, '2023-11-05 11:14:43', '2023-11-05 11:21:20'),
	(196, 93, 437, 1, 659.74, '2023-11-05 11:14:43', '2023-11-05 11:21:20'),
	(197, 91, 173, 2, 941.51, '2023-11-05 11:14:43', '2023-11-05 11:21:20'),
	(198, 8, 304, 10, 79.91, '2023-11-05 11:14:43', '2023-11-05 11:21:20'),
	(199, 34, 497, 3, 800.30, '2023-11-05 11:14:43', '2023-11-05 11:21:20'),
	(200, 14, 178, 2, 814.05, '2023-11-05 11:14:43', '2023-11-05 11:21:20'),
	(201, 65, 88, 4, 1075.01, '2023-11-05 11:14:43', '2023-11-05 11:21:20'),
	(202, 93, 169, 7, 103.50, '2023-11-05 11:14:43', '2023-11-05 11:16:57'),
	(203, 51, 391, 9, 930.02, '2023-11-05 11:14:43', '2023-11-05 11:21:20'),
	(204, 52, 261, 8, 717.58, '2023-11-05 11:14:43', '2023-11-05 11:21:20'),
	(205, 18, 415, 1, 612.19, '2023-11-05 11:14:43', '2023-11-05 11:21:20'),
	(206, 73, 200, 5, 651.65, '2023-11-05 11:14:43', '2023-11-05 11:21:20'),
	(207, 96, 500, 2, 832.88, '2023-11-05 11:14:43', '2023-11-05 11:21:20'),
	(208, 14, 148, 7, 840.90, '2023-11-05 11:14:43', '2023-11-05 11:21:20'),
	(209, 58, 9, 10, 816.35, '2023-11-05 11:14:43', '2023-11-05 11:21:20'),
	(210, 48, 488, 1, 913.77, '2023-11-05 11:14:43', '2023-11-05 11:16:57'),
	(211, 52, 155, 4, 540.04, '2023-11-05 11:14:43', '2023-11-05 11:21:20'),
	(212, 75, 40, 2, 762.24, '2023-11-05 11:14:43', '2023-11-05 11:21:20'),
	(213, 8, 133, 6, 884.88, '2023-11-05 11:14:43', '2023-11-05 11:21:20'),
	(214, 6, 319, 10, 1045.44, '2023-11-05 11:14:43', '2023-11-05 11:21:20'),
	(215, 50, 185, 5, 1021.84, '2023-11-05 11:14:43', '2023-11-05 11:21:20'),
	(216, 81, 363, 8, 336.91, '2023-11-05 11:14:43', '2023-11-05 11:21:20'),
	(217, 31, 332, 4, 813.00, '2023-11-05 11:14:43', '2023-11-05 11:21:20'),
	(218, 75, 283, 9, 714.95, '2023-11-05 11:14:43', '2023-11-05 11:21:20'),
	(219, 58, 372, 1, 830.44, '2023-11-05 11:14:43', '2023-11-05 11:21:20'),
	(220, 4, 25, 8, 413.24, '2023-11-05 11:14:43', '2023-11-05 11:21:20'),
	(221, 44, 349, 7, 254.88, '2023-11-05 11:14:43', '2023-11-05 11:21:20'),
	(222, 81, 50, 2, 865.51, '2023-11-05 11:14:43', '2023-11-05 11:21:20'),
	(223, 60, 348, 7, 81.65, '2023-11-05 11:14:43', '2023-11-05 11:21:20'),
	(224, 42, 226, 3, 220.97, '2023-11-05 11:14:43', '2023-11-05 11:21:20'),
	(225, 24, 202, 4, 657.29, '2023-11-05 11:14:43', '2023-11-05 11:21:20'),
	(226, 71, 255, 10, 614.36, '2023-11-05 11:14:43', '2023-11-05 11:21:20'),
	(227, 29, 351, 8, 725.79, '2023-11-05 11:14:43', '2023-11-05 11:21:20'),
	(228, 63, 230, 6, 353.44, '2023-11-05 11:14:43', '2023-11-05 11:21:20'),
	(229, 10, 149, 3, 393.73, '2023-11-05 11:14:43', '2023-11-05 11:21:20'),
	(230, 75, 497, 10, 890.90, '2023-11-05 11:14:43', '2023-11-05 11:21:20'),
	(231, 58, 303, 9, 220.34, '2023-11-05 11:14:43', '2023-11-05 11:21:20'),
	(232, 3, 396, 9, 149.93, '2023-11-05 11:14:43', '2023-11-05 11:21:20'),
	(233, 2, 263, 4, 673.88, '2023-11-05 11:14:43', '2023-11-05 11:21:20'),
	(234, 87, 208, 1, 599.75, '2023-11-05 11:14:43', '2023-11-05 11:21:20'),
	(235, 72, 147, 5, 141.18, '2023-11-05 11:14:43', '2023-11-05 11:21:20'),
	(236, 93, 14, 6, 825.80, '2023-11-05 11:14:43', '2023-11-05 11:21:20'),
	(237, 68, 410, 10, 741.81, '2023-11-05 11:14:43', '2023-11-05 11:21:20'),
	(238, 93, 12, 4, 442.82, '2023-11-05 11:14:43', '2023-11-05 11:21:20'),
	(239, 35, 438, 10, 912.79, '2023-11-05 11:14:43', '2023-11-05 11:21:20'),
	(240, 21, 465, 4, 322.94, '2023-11-05 11:14:43', '2023-11-05 11:21:20'),
	(241, 26, 137, 2, 903.14, '2023-11-05 11:14:43', '2023-11-05 11:21:20'),
	(242, 60, 480, 4, 563.73, '2023-11-05 11:14:43', '2023-11-05 11:21:20'),
	(243, 67, 11, 8, 509.47, '2023-11-05 11:14:43', '2023-11-05 11:21:20'),
	(244, 100, 495, 2, 469.57, '2023-11-05 11:14:43', '2023-11-05 11:21:20'),
	(245, 11, 8, 9, 1096.76, '2023-11-05 11:14:43', '2023-11-05 11:21:20'),
	(246, 71, 477, 4, 113.09, '2023-11-05 11:14:43', '2023-11-05 11:21:20'),
	(247, 63, 206, 5, 115.57, '2023-11-05 11:14:43', '2023-11-05 11:21:20'),
	(248, 54, 355, 10, 83.52, '2023-11-05 11:14:43', '2023-11-05 11:21:20'),
	(249, 47, 388, 5, 411.46, '2023-11-05 11:14:43', '2023-11-05 11:21:20'),
	(250, 34, 29, 8, 422.82, '2023-11-05 11:14:43', '2023-11-05 11:21:20'),
	(251, 40, 57, 6, 149.89, '2023-11-05 11:14:43', '2023-11-05 11:21:20'),
	(252, 99, 147, 9, 126.01, '2023-11-05 11:14:43', '2023-11-05 11:21:20'),
	(253, 75, 5, 4, 330.53, '2023-11-05 11:14:43', '2023-11-05 11:21:20'),
	(254, 36, 66, 7, 666.76, '2023-11-05 11:14:43', '2023-11-05 11:16:57'),
	(255, 74, 178, 10, 834.92, '2023-11-05 11:14:43', '2023-11-05 11:21:20'),
	(256, 19, 481, 6, 204.81, '2023-11-05 11:14:43', '2023-11-05 11:21:20'),
	(257, 96, 155, 9, 456.62, '2023-11-05 11:14:43', '2023-11-05 11:21:20'),
	(258, 48, 128, 6, 1074.92, '2023-11-05 11:14:43', '2023-11-05 11:21:20'),
	(259, 24, 225, 3, 1202.64, '2023-11-05 11:14:43', '2023-11-05 11:21:20'),
	(260, 61, 255, 7, 620.05, '2023-11-05 11:14:43', '2023-11-05 11:21:20'),
	(261, 26, 389, 5, 366.90, '2023-11-05 11:14:43', '2023-11-05 11:16:57'),
	(262, 80, 18, 5, 34.70, '2023-11-05 11:14:43', '2023-11-05 11:21:20'),
	(263, 31, 359, 4, 338.30, '2023-11-05 11:14:43', '2023-11-05 11:21:20'),
	(264, 29, 84, 8, 789.25, '2023-11-05 11:14:43', '2023-11-05 11:21:20'),
	(265, 81, 448, 6, 208.08, '2023-11-05 11:14:43', '2023-11-05 11:21:20'),
	(266, 58, 227, 2, 555.10, '2023-11-05 11:14:43', '2023-11-05 11:21:20'),
	(267, 83, 401, 6, 256.53, '2023-11-05 11:14:43', '2023-11-05 11:21:20'),
	(268, 95, 201, 1, 880.85, '2023-11-05 11:14:43', '2023-11-05 11:21:20'),
	(269, 66, 207, 1, 419.31, '2023-11-05 11:14:43', '2023-11-05 11:21:20'),
	(270, 90, 39, 7, 567.56, '2023-11-05 11:14:43', '2023-11-05 11:21:20'),
	(271, 28, 261, 4, 705.52, '2023-11-05 11:14:43', '2023-11-05 11:21:20'),
	(272, 69, 75, 8, 524.15, '2023-11-05 11:14:43', '2023-11-05 11:21:20'),
	(273, 66, 397, 2, 1155.28, '2023-11-05 11:14:43', '2023-11-05 11:21:20'),
	(274, 7, 433, 5, 812.07, '2023-11-05 11:14:43', '2023-11-05 11:16:57'),
	(275, 2, 287, 2, 755.04, '2023-11-05 11:14:43', '2023-11-05 11:21:20'),
	(276, 53, 435, 1, 1037.02, '2023-11-05 11:14:43', '2023-11-05 11:21:20'),
	(277, 73, 448, 4, 215.02, '2023-11-05 11:14:43', '2023-11-05 11:21:20'),
	(278, 46, 455, 7, 66.83, '2023-11-05 11:14:43', '2023-11-05 11:21:20'),
	(279, 87, 233, 1, 74.15, '2023-11-05 11:14:43', '2023-11-05 11:21:20'),
	(280, 12, 483, 9, 484.12, '2023-11-05 11:14:43', '2023-11-05 11:21:20'),
	(281, 74, 343, 3, 852.09, '2023-11-05 11:14:43', '2023-11-05 11:21:20'),
	(282, 7, 424, 6, 50.34, '2023-11-05 11:14:43', '2023-11-05 11:21:20'),
	(283, 70, 301, 7, 173.12, '2023-11-05 11:14:43', '2023-11-05 11:21:20'),
	(284, 3, 410, 2, 806.01, '2023-11-05 11:14:43', '2023-11-05 11:21:20'),
	(285, 16, 412, 9, 890.07, '2023-11-05 11:14:43', '2023-11-05 11:21:20'),
	(286, 19, 163, 10, 352.49, '2023-11-05 11:14:43', '2023-11-05 11:21:20'),
	(287, 67, 373, 5, 277.96, '2023-11-05 11:14:43', '2023-11-05 11:16:57'),
	(288, 65, 432, 4, 90.82, '2023-11-05 11:14:43', '2023-11-05 11:21:20'),
	(289, 33, 93, 6, 378.33, '2023-11-05 11:14:43', '2023-11-05 11:21:20'),
	(290, 13, 256, 10, 295.84, '2023-11-05 11:14:43', '2023-11-05 11:21:20'),
	(291, 85, 159, 5, 855.34, '2023-11-05 11:14:43', '2023-11-05 11:21:20'),
	(292, 8, 25, 10, 387.86, '2023-11-05 11:14:43', '2023-11-05 11:21:20'),
	(293, 52, 76, 3, 303.56, '2023-11-05 11:14:43', '2023-11-05 11:21:20'),
	(294, 13, 343, 7, 807.64, '2023-11-05 11:14:43', '2023-11-05 11:21:20'),
	(295, 45, 286, 6, 761.49, '2023-11-05 11:14:43', '2023-11-05 11:21:20'),
	(296, 35, 464, 4, 1129.97, '2023-11-05 11:14:43', '2023-11-05 11:21:20'),
	(297, 74, 391, 3, 995.29, '2023-11-05 11:14:43', '2023-11-05 11:21:20'),
	(298, 94, 364, 6, 210.16, '2023-11-05 11:14:43', '2023-11-05 11:21:20'),
	(299, 95, 297, 8, 853.21, '2023-11-05 11:14:43', '2023-11-05 11:21:20'),
	(300, 52, 16, 4, 163.28, '2023-11-05 11:14:43', '2023-11-05 11:21:20'),
	(301, 77, 467, 5, 1035.63, '2023-11-05 11:14:43', '2023-11-05 11:21:20'),
	(302, 37, 449, 1, 221.53, '2023-11-05 11:14:43', '2023-11-05 11:21:20'),
	(303, 31, 440, 7, 975.81, '2023-11-05 11:14:43', '2023-11-05 11:16:57'),
	(304, 30, 236, 1, 62.51, '2023-11-05 11:14:43', '2023-11-05 11:21:20'),
	(305, 4, 291, 7, 1208.22, '2023-11-05 11:14:43', '2023-11-05 11:21:20'),
	(306, 55, 78, 1, 685.05, '2023-11-05 11:14:43', '2023-11-05 11:21:20'),
	(307, 15, 79, 4, 786.46, '2023-11-05 11:14:43', '2023-11-05 11:21:20'),
	(308, 62, 174, 9, 767.58, '2023-11-05 11:14:43', '2023-11-05 11:21:20'),
	(309, 54, 200, 7, 651.65, '2023-11-05 11:14:43', '2023-11-05 11:21:20'),
	(310, 51, 387, 4, 528.74, '2023-11-05 11:14:43', '2023-11-05 11:21:20'),
	(311, 89, 35, 4, 217.99, '2023-11-05 11:14:43', '2023-11-05 11:21:20'),
	(312, 10, 103, 1, 334.39, '2023-11-05 11:14:43', '2023-11-05 11:21:20'),
	(313, 50, 351, 3, 688.25, '2023-11-05 11:14:43', '2023-11-05 11:21:20'),
	(314, 21, 310, 3, 765.48, '2023-11-05 11:14:43', '2023-11-05 11:16:57'),
	(315, 72, 428, 8, 304.80, '2023-11-05 11:14:43', '2023-11-05 11:21:20'),
	(316, 95, 148, 8, 713.71, '2023-11-05 11:14:43', '2023-11-05 11:21:20'),
	(317, 42, 142, 4, 86.30, '2023-11-05 11:14:43', '2023-11-05 11:21:20'),
	(318, 34, 192, 4, 679.56, '2023-11-05 11:14:43', '2023-11-05 11:21:20'),
	(319, 84, 79, 4, 814.06, '2023-11-05 11:14:43', '2023-11-05 11:21:20'),
	(320, 82, 439, 5, 68.52, '2023-11-05 11:14:43', '2023-11-05 11:21:20'),
	(321, 74, 378, 6, 301.92, '2023-11-05 11:14:43', '2023-11-05 11:21:20'),
	(322, 56, 367, 5, 453.45, '2023-11-05 11:14:43', '2023-11-05 11:21:20'),
	(323, 72, 28, 5, 526.13, '2023-11-05 11:14:43', '2023-11-05 11:21:20'),
	(324, 79, 283, 7, 644.10, '2023-11-05 11:14:43', '2023-11-05 11:16:57'),
	(325, 65, 2, 10, 296.70, '2023-11-05 11:14:43', '2023-11-05 11:21:20'),
	(326, 23, 119, 8, 511.22, '2023-11-05 11:14:43', '2023-11-05 11:21:20'),
	(327, 58, 409, 1, 651.01, '2023-11-05 11:14:43', '2023-11-05 11:21:20'),
	(328, 98, 73, 5, 517.05, '2023-11-05 11:14:43', '2023-11-05 11:21:20'),
	(329, 44, 78, 4, 685.05, '2023-11-05 11:14:43', '2023-11-05 11:21:20'),
	(330, 92, 154, 10, 589.42, '2023-11-05 11:14:43', '2023-11-05 11:21:20'),
	(331, 46, 62, 1, 80.63, '2023-11-05 11:14:43', '2023-11-05 11:21:20'),
	(332, 65, 409, 6, 592.79, '2023-11-05 11:14:43', '2023-11-05 11:21:20'),
	(333, 90, 100, 5, 687.23, '2023-11-05 11:14:43', '2023-11-05 11:21:20'),
	(334, 88, 253, 9, 1034.20, '2023-11-05 11:14:43', '2023-11-05 11:21:20'),
	(335, 41, 460, 8, 880.35, '2023-11-05 11:14:43', '2023-11-05 11:21:20'),
	(336, 40, 286, 9, 787.09, '2023-11-05 11:14:43', '2023-11-05 11:21:20'),
	(337, 48, 422, 6, 1014.03, '2023-11-05 11:14:43', '2023-11-05 11:21:20'),
	(338, 6, 84, 6, 796.30, '2023-11-05 11:14:43', '2023-11-05 11:21:20'),
	(339, 92, 360, 3, 622.42, '2023-11-05 11:14:43', '2023-11-05 11:21:20'),
	(340, 65, 368, 1, 102.35, '2023-11-05 11:14:43', '2023-11-05 11:21:20'),
	(341, 70, 274, 10, 682.06, '2023-11-05 11:14:43', '2023-11-05 11:21:20'),
	(342, 66, 45, 8, 423.12, '2023-11-05 11:14:43', '2023-11-05 11:21:20'),
	(343, 10, 494, 8, 255.91, '2023-11-05 11:14:43', '2023-11-05 11:21:20'),
	(344, 78, 269, 2, 727.39, '2023-11-05 11:14:43', '2023-11-05 11:21:20'),
	(345, 34, 189, 6, 312.53, '2023-11-05 11:14:43', '2023-11-05 11:21:20'),
	(346, 35, 151, 4, 1033.16, '2023-11-05 11:14:43', '2023-11-05 11:21:20'),
	(347, 15, 9, 3, 896.38, '2023-11-05 11:14:43', '2023-11-05 11:21:20'),
	(348, 82, 176, 2, 132.68, '2023-11-05 11:14:43', '2023-11-05 11:21:20'),
	(349, 59, 221, 3, 173.21, '2023-11-05 11:14:43', '2023-11-05 11:21:20'),
	(350, 55, 293, 1, 934.98, '2023-11-05 11:14:43', '2023-11-05 11:21:20'),
	(351, 22, 204, 3, 862.95, '2023-11-05 11:14:43', '2023-11-05 11:21:20'),
	(352, 59, 500, 9, 856.23, '2023-11-05 11:14:43', '2023-11-05 11:21:20'),
	(353, 79, 204, 3, 871.09, '2023-11-05 11:14:43', '2023-11-05 11:21:20'),
	(354, 62, 349, 4, 239.09, '2023-11-05 11:14:43', '2023-11-05 11:21:20'),
	(355, 3, 288, 9, 416.48, '2023-11-05 11:14:43', '2023-11-05 11:21:20'),
	(356, 13, 429, 10, 701.55, '2023-11-05 11:14:43', '2023-11-05 11:21:20'),
	(357, 58, 467, 1, 1084.48, '2023-11-05 11:14:43', '2023-11-05 11:21:20'),
	(358, 47, 113, 5, 590.66, '2023-11-05 11:14:43', '2023-11-05 11:16:57'),
	(359, 33, 174, 9, 809.07, '2023-11-05 11:14:43', '2023-11-05 11:21:20'),
	(360, 85, 470, 10, 352.81, '2023-11-05 11:14:43', '2023-11-05 11:21:20'),
	(361, 88, 391, 2, 832.13, '2023-11-05 11:14:43', '2023-11-05 11:21:20'),
	(362, 28, 438, 4, 802.63, '2023-11-05 11:14:43', '2023-11-05 11:21:20'),
	(363, 6, 23, 10, 478.45, '2023-11-05 11:14:43', '2023-11-05 11:21:20'),
	(364, 44, 497, 8, 755.00, '2023-11-05 11:14:43', '2023-11-05 11:16:57'),
	(365, 2, 203, 3, 549.87, '2023-11-05 11:14:43', '2023-11-05 11:21:20'),
	(366, 33, 52, 4, 937.48, '2023-11-05 11:14:43', '2023-11-05 11:21:20'),
	(367, 87, 461, 5, 1087.08, '2023-11-05 11:14:43', '2023-11-05 11:21:20'),
	(368, 34, 413, 8, 752.80, '2023-11-05 11:14:43', '2023-11-05 11:16:57'),
	(369, 82, 128, 3, 1026.93, '2023-11-05 11:14:43', '2023-11-05 11:21:20'),
	(370, 90, 230, 1, 356.71, '2023-11-05 11:14:43', '2023-11-05 11:21:20'),
	(371, 56, 381, 6, 115.06, '2023-11-05 11:14:43', '2023-11-05 11:21:20'),
	(372, 9, 248, 5, 605.79, '2023-11-05 11:14:43', '2023-11-05 11:21:20'),
	(373, 12, 395, 9, 284.46, '2023-11-05 11:14:43', '2023-11-05 11:21:20'),
	(374, 45, 364, 5, 199.00, '2023-11-05 11:14:43', '2023-11-05 11:21:20'),
	(375, 49, 237, 3, 425.57, '2023-11-05 11:14:43', '2023-11-05 11:21:20'),
	(376, 87, 324, 4, 367.40, '2023-11-05 11:14:43', '2023-11-05 11:21:20'),
	(377, 88, 318, 1, 496.72, '2023-11-05 11:14:43', '2023-11-05 11:21:20'),
	(378, 22, 415, 1, 706.37, '2023-11-05 11:14:43', '2023-11-05 11:21:20'),
	(379, 39, 135, 3, 151.41, '2023-11-05 11:14:43', '2023-11-05 11:21:20'),
	(380, 84, 183, 1, 534.24, '2023-11-05 11:14:43', '2023-11-05 11:21:20'),
	(381, 55, 106, 4, 559.41, '2023-11-05 11:14:43', '2023-11-05 11:21:20'),
	(382, 66, 134, 2, 278.20, '2023-11-05 11:14:43', '2023-11-05 11:21:20'),
	(383, 58, 135, 3, 144.20, '2023-11-05 11:14:43', '2023-11-05 11:16:57'),
	(384, 35, 288, 7, 405.02, '2023-11-05 11:14:43', '2023-11-05 11:21:20'),
	(385, 61, 264, 8, 75.82, '2023-11-05 11:14:43', '2023-11-05 11:21:20'),
	(386, 16, 323, 2, 151.69, '2023-11-05 11:14:43', '2023-11-05 11:21:20'),
	(387, 54, 74, 1, 928.55, '2023-11-05 11:14:43', '2023-11-05 11:21:20'),
	(388, 61, 247, 9, 103.66, '2023-11-05 11:14:43', '2023-11-05 11:21:20'),
	(389, 52, 276, 5, 788.74, '2023-11-05 11:14:43', '2023-11-05 11:21:20'),
	(390, 31, 303, 3, 230.45, '2023-11-05 11:14:43', '2023-11-05 11:21:20'),
	(391, 56, 250, 5, 130.55, '2023-11-05 11:14:43', '2023-11-05 11:21:20'),
	(392, 15, 274, 2, 687.89, '2023-11-05 11:14:43', '2023-11-05 11:21:20'),
	(393, 92, 256, 5, 304.63, '2023-11-05 11:14:43', '2023-11-05 11:21:20'),
	(394, 67, 310, 2, 895.61, '2023-11-05 11:14:43', '2023-11-05 11:21:20'),
	(395, 68, 65, 9, 1060.65, '2023-11-05 11:14:43', '2023-11-05 11:21:20'),
	(396, 19, 77, 2, 180.12, '2023-11-05 11:14:43', '2023-11-05 11:21:20'),
	(397, 92, 192, 3, 622.93, '2023-11-05 11:14:43', '2023-11-05 11:21:20'),
	(398, 90, 300, 5, 1011.43, '2023-11-05 11:14:43', '2023-11-05 11:21:20'),
	(399, 63, 9, 1, 920.39, '2023-11-05 11:14:43', '2023-11-05 11:21:20'),
	(400, 68, 155, 8, 491.75, '2023-11-05 11:14:43', '2023-11-05 11:21:20'),
	(401, 22, 80, 2, 1100.93, '2023-11-05 11:14:43', '2023-11-05 11:21:20'),
	(402, 13, 149, 1, 347.02, '2023-11-05 11:14:43', '2023-11-05 11:21:20'),
	(403, 63, 419, 8, 1093.16, '2023-11-05 11:14:43', '2023-11-05 11:21:20'),
	(404, 44, 434, 7, 162.05, '2023-11-05 11:14:43', '2023-11-05 11:21:20'),
	(405, 4, 31, 1, 191.69, '2023-11-05 11:14:43', '2023-11-05 11:21:20'),
	(406, 87, 366, 2, 908.16, '2023-11-05 11:14:43', '2023-11-05 11:21:20'),
	(407, 71, 190, 3, 286.52, '2023-11-05 11:14:43', '2023-11-05 11:21:20'),
	(408, 51, 240, 8, 843.94, '2023-11-05 11:14:43', '2023-11-05 11:21:20'),
	(409, 47, 446, 2, 737.01, '2023-11-05 11:14:43', '2023-11-05 11:21:20'),
	(410, 97, 252, 10, 301.34, '2023-11-05 11:14:43', '2023-11-05 11:21:20'),
	(411, 80, 199, 3, 829.20, '2023-11-05 11:14:43', '2023-11-05 11:21:20'),
	(412, 42, 312, 9, 809.80, '2023-11-05 11:14:43', '2023-11-05 11:21:20'),
	(413, 29, 373, 7, 308.54, '2023-11-05 11:14:43', '2023-11-05 11:21:20'),
	(414, 76, 182, 6, 61.42, '2023-11-05 11:14:43', '2023-11-05 11:21:20'),
	(415, 19, 405, 3, 417.58, '2023-11-05 11:14:43', '2023-11-05 11:21:20'),
	(416, 75, 349, 6, 243.60, '2023-11-05 11:14:43', '2023-11-05 11:21:20'),
	(417, 79, 42, 5, 965.91, '2023-11-05 11:14:43', '2023-11-05 11:21:20'),
	(418, 66, 405, 9, 458.59, '2023-11-05 11:14:43', '2023-11-05 11:21:20'),
	(419, 46, 482, 7, 678.43, '2023-11-05 11:14:43', '2023-11-05 11:21:20'),
	(420, 95, 244, 8, 540.21, '2023-11-05 11:14:43', '2023-11-05 11:21:20'),
	(421, 60, 438, 3, 849.84, '2023-11-05 11:14:43', '2023-11-05 11:21:20'),
	(422, 65, 420, 7, 533.07, '2023-11-05 11:14:43', '2023-11-05 11:21:20'),
	(423, 9, 36, 1, 677.20, '2023-11-05 11:14:43', '2023-11-05 11:21:20'),
	(424, 66, 23, 3, 528.10, '2023-11-05 11:14:43', '2023-11-05 11:21:20'),
	(425, 88, 319, 1, 1071.36, '2023-11-05 11:14:43', '2023-11-05 11:21:20'),
	(426, 96, 357, 6, 587.85, '2023-11-05 11:14:43', '2023-11-05 11:21:20'),
	(427, 95, 148, 8, 741.97, '2023-11-05 11:14:43', '2023-11-05 11:21:20'),
	(428, 81, 274, 4, 664.57, '2023-11-05 11:14:43', '2023-11-05 11:21:20'),
	(429, 31, 294, 2, 1056.30, '2023-11-05 11:14:43', '2023-11-05 11:21:20'),
	(430, 32, 340, 10, 167.04, '2023-11-05 11:14:43', '2023-11-05 11:21:20'),
	(431, 37, 284, 5, 764.27, '2023-11-05 11:14:43', '2023-11-05 11:21:20'),
	(432, 69, 128, 2, 978.95, '2023-11-05 11:14:43', '2023-11-05 11:21:20'),
	(433, 50, 449, 1, 225.45, '2023-11-05 11:14:43', '2023-11-05 11:21:20'),
	(434, 2, 134, 4, 271.42, '2023-11-05 11:14:43', '2023-11-05 11:21:20'),
	(435, 85, 34, 8, 657.22, '2023-11-05 11:14:43', '2023-11-05 11:21:20'),
	(436, 85, 22, 10, 713.94, '2023-11-05 11:14:43', '2023-11-05 11:21:20'),
	(437, 44, 425, 5, 476.60, '2023-11-05 11:14:43', '2023-11-05 11:21:20'),
	(438, 29, 144, 5, 83.02, '2023-11-05 11:14:43', '2023-11-05 11:21:20'),
	(439, 37, 372, 8, 816.48, '2023-11-05 11:14:43', '2023-11-05 11:21:20'),
	(440, 2, 372, 4, 809.51, '2023-11-05 11:14:43', '2023-11-05 11:21:20'),
	(441, 25, 421, 10, 536.95, '2023-11-05 11:14:43', '2023-11-05 11:21:20'),
	(442, 84, 435, 3, 1153.32, '2023-11-05 11:14:43', '2023-11-05 11:21:20'),
	(443, 54, 294, 3, 1095.79, '2023-11-05 11:14:43', '2023-11-05 11:21:20'),
	(444, 72, 216, 5, 688.54, '2023-11-05 11:14:43', '2023-11-05 11:21:20'),
	(445, 98, 39, 7, 479.89, '2023-11-05 11:14:43', '2023-11-05 11:21:20'),
	(446, 71, 192, 3, 583.29, '2023-11-05 11:14:43', '2023-11-05 11:21:20'),
	(447, 57, 455, 5, 67.49, '2023-11-05 11:14:43', '2023-11-05 11:21:20'),
	(448, 32, 307, 4, 204.74, '2023-11-05 11:14:43', '2023-11-05 11:21:20'),
	(449, 96, 206, 2, 105.69, '2023-11-05 11:14:43', '2023-11-05 11:21:20'),
	(450, 59, 430, 4, 52.77, '2023-11-05 11:14:43', '2023-11-05 11:21:20'),
	(451, 82, 302, 10, 551.66, '2023-11-05 11:14:43', '2023-11-05 11:16:57'),
	(452, 3, 356, 3, 383.74, '2023-11-05 11:14:43', '2023-11-05 11:21:20'),
	(453, 88, 85, 4, 186.69, '2023-11-05 11:14:43', '2023-11-05 11:21:20'),
	(454, 87, 377, 4, 318.54, '2023-11-05 11:14:43', '2023-11-05 11:21:20'),
	(455, 45, 454, 5, 303.40, '2023-11-05 11:14:43', '2023-11-05 11:21:20'),
	(456, 77, 255, 5, 699.69, '2023-11-05 11:14:43', '2023-11-05 11:21:20'),
	(457, 18, 91, 10, 146.17, '2023-11-05 11:14:43', '2023-11-05 11:21:20'),
	(458, 3, 8, 6, 1153.00, '2023-11-05 11:14:43', '2023-11-05 11:21:20'),
	(459, 22, 49, 7, 51.92, '2023-11-05 11:14:43', '2023-11-05 11:21:20'),
	(460, 5, 12, 2, 460.36, '2023-11-05 11:14:43', '2023-11-05 11:21:20'),
	(461, 2, 103, 2, 407.23, '2023-11-05 11:14:43', '2023-11-05 11:21:20'),
	(462, 53, 435, 6, 1192.09, '2023-11-05 11:14:43', '2023-11-05 11:21:20'),
	(463, 52, 171, 7, 1018.37, '2023-11-05 11:14:43', '2023-11-05 11:21:20'),
	(464, 48, 174, 3, 781.41, '2023-11-05 11:14:43', '2023-11-05 11:21:20'),
	(465, 31, 130, 9, 607.86, '2023-11-05 11:14:43', '2023-11-05 11:21:20'),
	(466, 54, 477, 2, 92.11, '2023-11-05 11:14:43', '2023-11-05 11:21:20'),
	(467, 43, 157, 7, 1204.29, '2023-11-05 11:14:43', '2023-11-05 11:21:20'),
	(468, 34, 455, 10, 66.18, '2023-11-05 11:14:43', '2023-11-05 11:21:20'),
	(469, 1, 459, 6, 699.08, '2023-11-05 11:14:43', '2023-11-05 11:21:20'),
	(470, 4, 216, 8, 682.90, '2023-11-05 11:14:43', '2023-11-05 11:21:20'),
	(471, 80, 22, 2, 793.27, '2023-11-05 11:14:43', '2023-11-05 11:21:20'),
	(472, 18, 16, 5, 172.60, '2023-11-05 11:14:43', '2023-11-05 11:21:20'),
	(473, 72, 171, 5, 1035.20, '2023-11-05 11:14:43', '2023-11-05 11:21:20'),
	(474, 7, 43, 3, 913.25, '2023-11-05 11:14:43', '2023-11-05 11:21:20'),
	(475, 40, 349, 4, 263.91, '2023-11-05 11:14:43', '2023-11-05 11:21:20'),
	(476, 9, 361, 4, 176.94, '2023-11-05 11:14:43', '2023-11-05 11:21:20'),
	(477, 27, 301, 4, 154.97, '2023-11-05 11:14:43', '2023-11-05 11:21:20'),
	(478, 74, 280, 4, 636.05, '2023-11-05 11:14:43', '2023-11-05 11:21:20'),
	(479, 89, 96, 8, 33.84, '2023-11-05 11:14:43', '2023-11-05 11:21:20'),
	(480, 83, 297, 3, 818.53, '2023-11-05 11:14:43', '2023-11-05 11:21:20'),
	(481, 60, 299, 1, 1209.87, '2023-11-05 11:14:43', '2023-11-05 11:21:20'),
	(482, 64, 276, 6, 731.90, '2023-11-05 11:14:43', '2023-11-05 11:21:20'),
	(483, 56, 109, 1, 588.71, '2023-11-05 11:14:43', '2023-11-05 11:21:20'),
	(484, 45, 190, 9, 286.52, '2023-11-05 11:14:43', '2023-11-05 11:21:20'),
	(485, 48, 18, 5, 32.12, '2023-11-05 11:14:43', '2023-11-05 11:21:20'),
	(486, 1, 427, 9, 27.30, '2023-11-05 11:14:43', '2023-11-05 11:21:20'),
	(487, 8, 219, 8, 267.68, '2023-11-05 11:14:43', '2023-11-05 11:21:20'),
	(488, 23, 364, 6, 208.30, '2023-11-05 11:14:43', '2023-11-05 11:21:20'),
	(489, 20, 178, 1, 758.39, '2023-11-05 11:14:43', '2023-11-05 11:21:20'),
	(490, 43, 356, 7, 421.73, '2023-11-05 11:14:43', '2023-11-05 11:21:20'),
	(491, 78, 52, 2, 847.02, '2023-11-05 11:14:43', '2023-11-05 11:21:20'),
	(492, 23, 376, 6, 235.11, '2023-11-05 11:14:43', '2023-11-05 11:21:20'),
	(493, 57, 237, 9, 442.26, '2023-11-05 11:14:43', '2023-11-05 11:21:20'),
	(494, 73, 70, 5, 1045.97, '2023-11-05 11:14:43', '2023-11-05 11:21:20'),
	(495, 83, 442, 7, 957.32, '2023-11-05 11:14:43', '2023-11-05 11:21:20'),
	(496, 2, 15, 8, 705.84, '2023-11-05 11:14:43', '2023-11-05 11:21:20'),
	(497, 64, 175, 3, 494.62, '2023-11-05 11:14:43', '2023-11-05 11:21:20'),
	(498, 97, 405, 1, 380.30, '2023-11-05 11:14:43', '2023-11-05 11:21:20'),
	(499, 94, 467, 3, 1016.09, '2023-11-05 11:14:43', '2023-11-05 11:21:20'),
	(500, 100, 185, 10, 1004.07, '2023-11-05 11:14:43', '2023-11-05 11:21:20'),
	(501, 75, 493, 7, 443.19, '2023-11-05 11:14:43', '2023-11-05 11:21:20'),
	(502, 34, 258, 7, 604.41, '2023-11-05 11:14:43', '2023-11-05 11:21:20'),
	(503, 35, 191, 1, 994.20, '2023-11-05 11:14:43', '2023-11-05 11:16:57'),
	(504, 90, 182, 7, 59.17, '2023-11-05 11:14:43', '2023-11-05 11:21:20'),
	(505, 13, 160, 9, 552.58, '2023-11-05 11:14:43', '2023-11-05 11:21:20'),
	(506, 80, 297, 10, 700.61, '2023-11-05 11:14:43', '2023-11-05 11:21:20'),
	(507, 88, 162, 1, 986.83, '2023-11-05 11:14:43', '2023-11-05 11:21:20'),
	(508, 91, 79, 4, 848.55, '2023-11-05 11:14:43', '2023-11-05 11:21:20'),
	(509, 73, 167, 4, 67.39, '2023-11-05 11:14:43', '2023-11-05 11:21:20'),
	(510, 19, 412, 5, 830.24, '2023-11-05 11:14:43', '2023-11-05 11:21:20'),
	(511, 6, 297, 6, 839.34, '2023-11-05 11:14:43', '2023-11-05 11:21:20'),
	(512, 71, 36, 4, 559.67, '2023-11-05 11:14:43', '2023-11-05 11:16:57'),
	(513, 42, 182, 7, 63.68, '2023-11-05 11:14:43', '2023-11-05 11:21:20'),
	(514, 26, 490, 9, 579.63, '2023-11-05 11:14:43', '2023-11-05 11:21:20'),
	(515, 1, 63, 3, 11.62, '2023-11-05 11:14:43', '2023-11-05 11:21:20'),
	(516, 25, 149, 8, 377.05, '2023-11-05 11:14:43', '2023-11-05 11:21:20'),
	(517, 22, 496, 2, 428.93, '2023-11-05 11:14:43', '2023-11-05 11:21:20'),
	(518, 69, 409, 10, 576.92, '2023-11-05 11:14:43', '2023-11-05 11:21:20'),
	(519, 83, 379, 1, 1045.82, '2023-11-05 11:14:43', '2023-11-05 11:21:20'),
	(520, 9, 248, 6, 594.25, '2023-11-05 11:14:43', '2023-11-05 11:21:20'),
	(521, 38, 452, 6, 523.28, '2023-11-05 11:14:43', '2023-11-05 11:21:20'),
	(522, 49, 337, 1, 993.06, '2023-11-05 11:14:43', '2023-11-05 11:21:20'),
	(523, 98, 19, 3, 869.97, '2023-11-05 11:14:43', '2023-11-05 11:21:20'),
	(524, 22, 456, 1, 955.25, '2023-11-05 11:14:43', '2023-11-05 11:21:20'),
	(525, 56, 372, 9, 774.61, '2023-11-05 11:14:43', '2023-11-05 11:21:20'),
	(526, 65, 389, 3, 440.28, '2023-11-05 11:14:43', '2023-11-05 11:21:20'),
	(527, 92, 424, 8, 49.91, '2023-11-05 11:14:43', '2023-11-05 11:21:20'),
	(528, 33, 344, 5, 436.40, '2023-11-05 11:14:43', '2023-11-05 11:21:20'),
	(529, 38, 216, 7, 671.61, '2023-11-05 11:14:43', '2023-11-05 11:21:20'),
	(530, 28, 479, 10, 944.61, '2023-11-05 11:14:43', '2023-11-05 11:21:20'),
	(531, 45, 120, 9, 63.07, '2023-11-05 11:14:43', '2023-11-05 11:16:57'),
	(532, 76, 401, 3, 251.91, '2023-11-05 11:14:43', '2023-11-05 11:21:20'),
	(533, 72, 450, 2, 75.46, '2023-11-05 11:14:43', '2023-11-05 11:21:20'),
	(534, 41, 182, 9, 69.87, '2023-11-05 11:14:43', '2023-11-05 11:21:20'),
	(535, 57, 429, 10, 749.23, '2023-11-05 11:14:43', '2023-11-05 11:21:20'),
	(536, 23, 415, 8, 600.41, '2023-11-05 11:14:43', '2023-11-05 11:21:20'),
	(537, 57, 278, 3, 601.41, '2023-11-05 11:14:43', '2023-11-05 11:21:20'),
	(538, 40, 248, 8, 686.56, '2023-11-05 11:14:43', '2023-11-05 11:21:20'),
	(539, 93, 338, 5, 727.75, '2023-11-05 11:14:43', '2023-11-05 11:21:20'),
	(540, 46, 226, 5, 220.97, '2023-11-05 11:14:43', '2023-11-05 11:21:20'),
	(541, 7, 81, 7, 732.55, '2023-11-05 11:14:43', '2023-11-05 11:21:20'),
	(542, 87, 155, 5, 447.84, '2023-11-05 11:14:43', '2023-11-05 11:21:20'),
	(543, 10, 476, 4, 352.78, '2023-11-05 11:14:43', '2023-11-05 11:21:20'),
	(544, 68, 3, 6, 284.33, '2023-11-05 11:14:43', '2023-11-05 11:21:20'),
	(545, 32, 332, 2, 813.00, '2023-11-05 11:14:43', '2023-11-05 11:21:20'),
	(546, 19, 226, 8, 233.02, '2023-11-05 11:14:43', '2023-11-05 11:21:20'),
	(547, 8, 18, 4, 34.42, '2023-11-05 11:14:43', '2023-11-05 11:21:20'),
	(548, 25, 290, 3, 914.53, '2023-11-05 11:14:43', '2023-11-05 11:21:20'),
	(549, 48, 26, 5, 651.79, '2023-11-05 11:14:43', '2023-11-05 11:21:20'),
	(550, 45, 223, 9, 447.45, '2023-11-05 11:14:43', '2023-11-05 11:21:20'),
	(551, 81, 35, 2, 187.86, '2023-11-05 11:14:43', '2023-11-05 11:21:20'),
	(552, 98, 399, 7, 968.29, '2023-11-05 11:14:43', '2023-11-05 11:21:20'),
	(553, 30, 272, 9, 106.69, '2023-11-05 11:14:43', '2023-11-05 11:16:57'),
	(554, 100, 429, 10, 681.12, '2023-11-05 11:14:43', '2023-11-05 11:16:57'),
	(555, 21, 146, 4, 464.51, '2023-11-05 11:14:43', '2023-11-05 11:16:57'),
	(556, 53, 336, 10, 29.96, '2023-11-05 11:14:43', '2023-11-05 11:16:57'),
	(557, 97, 377, 9, 287.53, '2023-11-05 11:14:43', '2023-11-05 11:21:20'),
	(558, 15, 383, 9, 983.29, '2023-11-05 11:14:43', '2023-11-05 11:21:20'),
	(559, 44, 314, 10, 937.13, '2023-11-05 11:14:43', '2023-11-05 11:21:20'),
	(560, 55, 69, 6, 493.72, '2023-11-05 11:14:43', '2023-11-05 11:21:20'),
	(561, 9, 390, 1, 442.45, '2023-11-05 11:14:43', '2023-11-05 11:21:20'),
	(562, 38, 200, 4, 691.66, '2023-11-05 11:14:43', '2023-11-05 11:21:20'),
	(563, 99, 488, 3, 968.60, '2023-11-05 11:14:43', '2023-11-05 11:21:20'),
	(564, 81, 134, 5, 273.68, '2023-11-05 11:14:43', '2023-11-05 11:21:20'),
	(565, 40, 206, 9, 110.63, '2023-11-05 11:14:43', '2023-11-05 11:21:20'),
	(566, 71, 30, 4, 756.08, '2023-11-05 11:14:43', '2023-11-05 11:21:20'),
	(567, 91, 96, 9, 30.31, '2023-11-05 11:14:43', '2023-11-05 11:21:20'),
	(568, 97, 53, 2, 270.60, '2023-11-05 11:14:43', '2023-11-05 11:21:20'),
	(569, 26, 411, 1, 614.57, '2023-11-05 11:14:43', '2023-11-05 11:21:20'),
	(570, 82, 41, 3, 806.33, '2023-11-05 11:14:43', '2023-11-05 11:21:20'),
	(571, 94, 169, 1, 103.50, '2023-11-05 11:14:43', '2023-11-05 11:16:57'),
	(572, 34, 309, 8, 644.40, '2023-11-05 11:14:43', '2023-11-05 11:21:20'),
	(573, 97, 93, 6, 398.07, '2023-11-05 11:14:43', '2023-11-05 11:21:20'),
	(574, 13, 457, 9, 455.64, '2023-11-05 11:14:43', '2023-11-05 11:21:20'),
	(575, 76, 310, 1, 842.03, '2023-11-05 11:14:43', '2023-11-05 11:21:20'),
	(576, 12, 381, 7, 120.76, '2023-11-05 11:14:43', '2023-11-05 11:21:20'),
	(577, 40, 146, 5, 473.80, '2023-11-05 11:14:43', '2023-11-05 11:21:20'),
	(578, 9, 226, 9, 231.01, '2023-11-05 11:14:43', '2023-11-05 11:21:20'),
	(579, 70, 253, 10, 1157.55, '2023-11-05 11:14:43', '2023-11-05 11:21:20'),
	(580, 35, 234, 4, 180.45, '2023-11-05 11:14:43', '2023-11-05 11:21:20'),
	(581, 27, 70, 1, 1125.66, '2023-11-05 11:14:43', '2023-11-05 11:21:20'),
	(582, 56, 81, 10, 840.28, '2023-11-05 11:14:43', '2023-11-05 11:21:20'),
	(583, 50, 73, 3, 517.05, '2023-11-05 11:14:43', '2023-11-05 11:21:20'),
	(584, 66, 291, 10, 1051.05, '2023-11-05 11:14:43', '2023-11-05 11:21:20'),
	(585, 1, 442, 4, 1100.47, '2023-11-05 11:14:43', '2023-11-05 11:21:20'),
	(586, 50, 246, 6, 287.78, '2023-11-05 11:14:43', '2023-11-05 11:21:20'),
	(587, 48, 434, 4, 159.26, '2023-11-05 11:14:43', '2023-11-05 11:21:20'),
	(588, 86, 85, 1, 222.94, '2023-11-05 11:14:43', '2023-11-05 11:21:20'),
	(589, 12, 225, 1, 1192.94, '2023-11-05 11:14:43', '2023-11-05 11:21:20'),
	(590, 62, 87, 1, 1115.28, '2023-11-05 11:14:43', '2023-11-05 11:21:20'),
	(591, 29, 363, 7, 316.04, '2023-11-05 11:14:43', '2023-11-05 11:21:20'),
	(592, 18, 399, 9, 1074.89, '2023-11-05 11:14:43', '2023-11-05 11:21:20'),
	(593, 51, 43, 5, 947.38, '2023-11-05 11:14:43', '2023-11-05 11:21:20'),
	(594, 39, 211, 9, 1017.83, '2023-11-05 11:14:43', '2023-11-05 11:21:20'),
	(595, 23, 282, 1, 508.44, '2023-11-05 11:14:43', '2023-11-05 11:21:20'),
	(596, 18, 293, 7, 874.17, '2023-11-05 11:14:43', '2023-11-05 11:21:20'),
	(597, 20, 230, 4, 399.26, '2023-11-05 11:14:43', '2023-11-05 11:21:20'),
	(598, 86, 417, 5, 717.90, '2023-11-05 11:14:43', '2023-11-05 11:21:20'),
	(599, 24, 126, 2, 278.94, '2023-11-05 11:14:43', '2023-11-05 11:16:57'),
	(600, 65, 75, 6, 532.88, '2023-11-05 11:14:43', '2023-11-05 11:21:20'),
	(601, 93, 71, 6, 1047.43, '2023-11-05 11:14:43', '2023-11-05 11:21:20'),
	(602, 3, 175, 2, 448.90, '2023-11-05 11:14:43', '2023-11-05 11:21:20'),
	(603, 5, 184, 7, 453.67, '2023-11-05 11:14:43', '2023-11-05 11:21:20'),
	(604, 94, 284, 9, 724.73, '2023-11-05 11:14:43', '2023-11-05 11:21:20'),
	(605, 24, 169, 10, 121.09, '2023-11-05 11:14:43', '2023-11-05 11:21:20'),
	(606, 43, 437, 7, 553.33, '2023-11-05 11:14:43', '2023-11-05 11:21:20'),
	(607, 89, 386, 4, 853.05, '2023-11-05 11:14:43', '2023-11-05 11:21:20'),
	(608, 16, 468, 8, 17.10, '2023-11-05 11:14:43', '2023-11-05 11:21:20'),
	(609, 70, 41, 10, 783.07, '2023-11-05 11:14:43', '2023-11-05 11:21:20'),
	(610, 48, 412, 6, 762.92, '2023-11-05 11:14:43', '2023-11-05 11:21:20'),
	(611, 39, 207, 10, 423.23, '2023-11-05 11:14:43', '2023-11-05 11:21:20'),
	(612, 90, 395, 3, 262.94, '2023-11-05 11:14:43', '2023-11-05 11:21:20'),
	(613, 31, 223, 2, 422.60, '2023-11-05 11:14:43', '2023-11-05 11:21:20'),
	(614, 42, 24, 10, 698.59, '2023-11-05 11:14:43', '2023-11-05 11:21:20'),
	(615, 57, 40, 3, 681.30, '2023-11-05 11:14:43', '2023-11-05 11:21:20'),
	(616, 93, 41, 1, 860.61, '2023-11-05 11:14:43', '2023-11-05 11:21:20'),
	(617, 26, 226, 9, 204.90, '2023-11-05 11:14:43', '2023-11-05 11:21:20'),
	(618, 3, 24, 5, 685.53, '2023-11-05 11:14:43', '2023-11-05 11:21:20'),
	(619, 63, 58, 3, 256.74, '2023-11-05 11:14:43', '2023-11-05 11:21:20'),
	(620, 66, 206, 10, 120.51, '2023-11-05 11:14:43', '2023-11-05 11:21:20'),
	(621, 1, 85, 10, 193.94, '2023-11-05 11:14:43', '2023-11-05 11:21:20'),
	(622, 83, 260, 1, 443.89, '2023-11-05 11:14:43', '2023-11-05 11:21:20'),
	(623, 42, 402, 9, 724.00, '2023-11-05 11:14:43', '2023-11-05 11:21:20'),
	(624, 50, 355, 7, 82.80, '2023-11-05 11:14:43', '2023-11-05 11:21:20'),
	(625, 35, 128, 8, 1122.91, '2023-11-05 11:14:43', '2023-11-05 11:21:20'),
	(626, 7, 238, 8, 171.02, '2023-11-05 11:14:43', '2023-11-05 11:21:20'),
	(627, 22, 352, 10, 1005.43, '2023-11-05 11:14:43', '2023-11-05 11:21:20'),
	(628, 7, 30, 10, 743.79, '2023-11-05 11:14:43', '2023-11-05 11:21:20'),
	(629, 4, 273, 4, 823.86, '2023-11-05 11:14:43', '2023-11-05 11:21:20'),
	(630, 60, 404, 1, 271.83, '2023-11-05 11:14:43', '2023-11-05 11:21:20'),
	(631, 29, 223, 2, 513.74, '2023-11-05 11:14:43', '2023-11-05 11:21:20'),
	(632, 84, 205, 7, 1035.52, '2023-11-05 11:14:43', '2023-11-05 11:21:20'),
	(633, 64, 356, 5, 471.13, '2023-11-05 11:14:43', '2023-11-05 11:21:20'),
	(634, 64, 147, 5, 142.35, '2023-11-05 11:14:43', '2023-11-05 11:21:20'),
	(635, 40, 467, 5, 1123.56, '2023-11-05 11:14:43', '2023-11-05 11:21:20'),
	(636, 95, 487, 3, 882.61, '2023-11-05 11:14:43', '2023-11-05 11:21:20'),
	(637, 73, 434, 1, 142.49, '2023-11-05 11:14:43', '2023-11-05 11:21:20'),
	(638, 3, 24, 8, 705.12, '2023-11-05 11:14:43', '2023-11-05 11:21:20'),
	(639, 62, 97, 4, 531.58, '2023-11-05 11:14:43', '2023-11-05 11:21:20'),
	(640, 12, 441, 5, 174.28, '2023-11-05 11:14:43', '2023-11-05 11:21:20'),
	(641, 55, 196, 9, 323.28, '2023-11-05 11:14:43', '2023-11-05 11:21:20'),
	(642, 74, 486, 9, 501.70, '2023-11-05 11:14:43', '2023-11-05 11:21:20'),
	(643, 93, 186, 3, 691.99, '2023-11-05 11:14:43', '2023-11-05 11:21:20'),
	(644, 12, 58, 9, 245.77, '2023-11-05 11:14:43', '2023-11-05 11:21:20'),
	(645, 39, 154, 1, 528.44, '2023-11-05 11:14:43', '2023-11-05 11:21:20'),
	(646, 92, 206, 8, 108.66, '2023-11-05 11:14:43', '2023-11-05 11:21:20'),
	(647, 53, 144, 7, 89.23, '2023-11-05 11:14:43', '2023-11-05 11:21:20'),
	(648, 4, 333, 3, 723.19, '2023-11-05 11:14:43', '2023-11-05 11:21:20'),
	(649, 41, 6, 5, 483.48, '2023-11-05 11:14:43', '2023-11-05 11:21:20'),
	(650, 74, 497, 3, 838.05, '2023-11-05 11:14:43', '2023-11-05 11:21:20'),
	(651, 28, 189, 8, 303.60, '2023-11-05 11:14:43', '2023-11-05 11:21:20'),
	(652, 61, 377, 10, 284.71, '2023-11-05 11:14:43', '2023-11-05 11:21:20'),
	(653, 78, 397, 3, 956.42, '2023-11-05 11:14:43', '2023-11-05 11:21:20'),
	(654, 78, 244, 4, 529.82, '2023-11-05 11:14:43', '2023-11-05 11:21:20'),
	(655, 41, 497, 2, 815.40, '2023-11-05 11:14:43', '2023-11-05 11:21:20'),
	(656, 77, 327, 10, 189.09, '2023-11-05 11:14:43', '2023-11-05 11:21:20'),
	(657, 99, 120, 2, 73.79, '2023-11-05 11:14:43', '2023-11-05 11:21:20'),
	(658, 32, 81, 8, 804.37, '2023-11-05 11:14:43', '2023-11-05 11:21:20'),
	(659, 12, 110, 8, 648.23, '2023-11-05 11:14:43', '2023-11-05 11:21:20'),
	(660, 25, 38, 4, 459.96, '2023-11-05 11:14:43', '2023-11-05 11:21:20'),
	(661, 17, 227, 7, 530.75, '2023-11-05 11:14:43', '2023-11-05 11:21:20'),
	(662, 93, 53, 5, 246.00, '2023-11-05 11:14:43', '2023-11-05 11:21:20'),
	(663, 14, 103, 7, 397.30, '2023-11-05 11:14:43', '2023-11-05 11:21:20'),
	(664, 48, 256, 2, 360.28, '2023-11-05 11:14:43', '2023-11-05 11:21:20'),
	(665, 30, 304, 2, 74.20, '2023-11-05 11:14:43', '2023-11-05 11:21:20'),
	(666, 38, 56, 5, 477.15, '2023-11-05 11:14:43', '2023-11-05 11:21:20'),
	(667, 95, 236, 2, 57.35, '2023-11-05 11:14:43', '2023-11-05 11:16:57'),
	(668, 88, 88, 5, 1075.01, '2023-11-05 11:14:43', '2023-11-05 11:21:20'),
	(669, 83, 259, 2, 614.71, '2023-11-05 11:14:43', '2023-11-05 11:21:20'),
	(670, 21, 323, 4, 170.47, '2023-11-05 11:14:43', '2023-11-05 11:21:20'),
	(671, 68, 339, 10, 60.94, '2023-11-05 11:14:43', '2023-11-05 11:21:20'),
	(672, 72, 116, 10, 748.00, '2023-11-05 11:14:43', '2023-11-05 11:21:20'),
	(673, 34, 447, 10, 923.98, '2023-11-05 11:14:43', '2023-11-05 11:21:20'),
	(674, 68, 299, 10, 1120.62, '2023-11-05 11:14:43', '2023-11-05 11:21:20'),
	(675, 66, 361, 9, 157.98, '2023-11-05 11:14:43', '2023-11-05 11:16:57'),
	(676, 58, 193, 10, 292.01, '2023-11-05 11:14:43', '2023-11-05 11:21:20'),
	(677, 2, 397, 7, 1022.71, '2023-11-05 11:14:43', '2023-11-05 11:21:20'),
	(678, 68, 259, 8, 639.05, '2023-11-05 11:14:43', '2023-11-05 11:21:20'),
	(679, 74, 341, 6, 311.56, '2023-11-05 11:14:43', '2023-11-05 11:21:20'),
	(680, 3, 318, 6, 460.38, '2023-11-05 11:14:43', '2023-11-05 11:21:20'),
	(681, 95, 217, 9, 295.32, '2023-11-05 11:14:43', '2023-11-05 11:21:20'),
	(682, 66, 102, 10, 487.93, '2023-11-05 11:14:43', '2023-11-05 11:21:20'),
	(683, 60, 378, 3, 301.92, '2023-11-05 11:14:43', '2023-11-05 11:21:20'),
	(684, 97, 277, 4, 390.07, '2023-11-05 11:14:43', '2023-11-05 11:21:20'),
	(685, 52, 456, 8, 995.39, '2023-11-05 11:14:43', '2023-11-05 11:21:20'),
	(686, 41, 500, 6, 778.39, '2023-11-05 11:14:43', '2023-11-05 11:16:57'),
	(687, 54, 106, 9, 510.34, '2023-11-05 11:14:43', '2023-11-05 11:21:20'),
	(688, 55, 420, 1, 620.21, '2023-11-05 11:14:43', '2023-11-05 11:21:20'),
	(689, 86, 196, 1, 350.47, '2023-11-05 11:14:43', '2023-11-05 11:21:20'),
	(690, 98, 318, 7, 488.65, '2023-11-05 11:14:43', '2023-11-05 11:21:20'),
	(691, 43, 10, 5, 914.35, '2023-11-05 11:14:43', '2023-11-05 11:21:20'),
	(692, 96, 42, 6, 1012.35, '2023-11-05 11:14:43', '2023-11-05 11:21:20'),
	(693, 36, 357, 1, 514.98, '2023-11-05 11:14:43', '2023-11-05 11:21:20'),
	(694, 71, 424, 1, 45.26, '2023-11-05 11:14:43', '2023-11-05 11:21:20'),
	(695, 37, 305, 4, 397.32, '2023-11-05 11:14:43', '2023-11-05 11:21:20'),
	(696, 7, 163, 10, 369.12, '2023-11-05 11:14:43', '2023-11-05 11:21:20'),
	(697, 95, 239, 7, 987.79, '2023-11-05 11:14:43', '2023-11-05 11:21:20'),
	(698, 39, 65, 8, 879.57, '2023-11-05 11:14:43', '2023-11-05 11:21:20'),
	(699, 52, 288, 5, 443.22, '2023-11-05 11:14:43', '2023-11-05 11:21:20'),
	(700, 13, 205, 5, 835.10, '2023-11-05 11:14:43', '2023-11-05 11:16:57'),
	(701, 39, 82, 5, 63.80, '2023-11-05 11:14:43', '2023-11-05 11:21:20'),
	(702, 22, 493, 9, 473.02, '2023-11-05 11:14:43', '2023-11-05 11:21:20'),
	(703, 54, 33, 1, 1119.25, '2023-11-05 11:14:43', '2023-11-05 11:21:20'),
	(704, 38, 60, 2, 652.08, '2023-11-05 11:14:43', '2023-11-05 11:21:20'),
	(705, 13, 385, 7, 161.07, '2023-11-05 11:14:43', '2023-11-05 11:21:20'),
	(706, 79, 489, 5, 797.92, '2023-11-05 11:14:43', '2023-11-05 11:21:20'),
	(707, 17, 118, 3, 204.26, '2023-11-05 11:14:43', '2023-11-05 11:21:20'),
	(708, 30, 243, 4, 970.40, '2023-11-05 11:14:43', '2023-11-05 11:21:20'),
	(709, 47, 438, 10, 944.27, '2023-11-05 11:14:43', '2023-11-05 11:21:20'),
	(710, 9, 99, 1, 711.24, '2023-11-05 11:14:43', '2023-11-05 11:21:20'),
	(711, 69, 281, 3, 577.59, '2023-11-05 11:14:43', '2023-11-05 11:21:20'),
	(712, 98, 271, 8, 269.57, '2023-11-05 11:14:43', '2023-11-05 11:21:20'),
	(713, 18, 147, 4, 122.51, '2023-11-05 11:14:43', '2023-11-05 11:21:20'),
	(714, 31, 327, 6, 210.10, '2023-11-05 11:14:43', '2023-11-05 11:21:20'),
	(715, 98, 94, 2, 1026.60, '2023-11-05 11:14:43', '2023-11-05 11:21:20'),
	(716, 7, 38, 8, 468.10, '2023-11-05 11:14:43', '2023-11-05 11:21:20'),
	(717, 29, 179, 1, 1204.58, '2023-11-05 11:14:43', '2023-11-05 11:21:20'),
	(718, 94, 435, 1, 1056.41, '2023-11-05 11:14:43', '2023-11-05 11:21:20'),
	(719, 67, 318, 4, 440.19, '2023-11-05 11:14:43', '2023-11-05 11:21:20'),
	(720, 72, 479, 8, 1042.63, '2023-11-05 11:14:43', '2023-11-05 11:21:20'),
	(721, 20, 76, 8, 324.59, '2023-11-05 11:14:43', '2023-11-05 11:21:20'),
	(722, 46, 353, 7, 753.62, '2023-11-05 11:14:43', '2023-11-05 11:21:20'),
	(723, 14, 312, 9, 787.09, '2023-11-05 11:14:43', '2023-11-05 11:21:20'),
	(724, 41, 177, 7, 130.32, '2023-11-05 11:14:43', '2023-11-05 11:21:20'),
	(725, 99, 226, 5, 214.94, '2023-11-05 11:14:43', '2023-11-05 11:21:20'),
	(726, 26, 459, 2, 675.78, '2023-11-05 11:14:43', '2023-11-05 11:21:20'),
	(727, 65, 483, 8, 471.03, '2023-11-05 11:14:43', '2023-11-05 11:21:20'),
	(728, 19, 9, 3, 936.40, '2023-11-05 11:14:43', '2023-11-05 11:21:20'),
	(729, 53, 492, 4, 896.13, '2023-11-05 11:14:43', '2023-11-05 11:21:20'),
	(730, 31, 3, 8, 289.85, '2023-11-05 11:14:43', '2023-11-05 11:21:20'),
	(731, 15, 100, 7, 693.00, '2023-11-05 11:14:43', '2023-11-05 11:21:20'),
	(732, 33, 259, 5, 651.22, '2023-11-05 11:14:43', '2023-11-05 11:21:20'),
	(733, 75, 2, 4, 253.95, '2023-11-05 11:14:43', '2023-11-05 11:21:20'),
	(734, 17, 410, 10, 784.61, '2023-11-05 11:14:43', '2023-11-05 11:21:20'),
	(735, 74, 83, 5, 884.30, '2023-11-05 11:14:43', '2023-11-05 11:21:20'),
	(736, 18, 112, 4, 116.86, '2023-11-05 11:14:43', '2023-11-05 11:21:20'),
	(737, 81, 376, 1, 265.58, '2023-11-05 11:14:43', '2023-11-05 11:21:20'),
	(738, 41, 243, 6, 945.30, '2023-11-05 11:14:43', '2023-11-05 11:21:20'),
	(739, 57, 137, 1, 1036.94, '2023-11-05 11:14:43', '2023-11-05 11:21:20'),
	(740, 7, 391, 10, 856.60, '2023-11-05 11:14:43', '2023-11-05 11:21:20'),
	(741, 39, 288, 6, 397.37, '2023-11-05 11:14:43', '2023-11-05 11:21:20'),
	(742, 5, 185, 6, 932.99, '2023-11-05 11:14:43', '2023-11-05 11:21:20'),
	(743, 24, 116, 9, 768.40, '2023-11-05 11:14:43', '2023-11-05 11:21:20'),
	(744, 65, 389, 9, 370.57, '2023-11-05 11:14:43', '2023-11-05 11:21:20'),
	(745, 54, 311, 2, 481.53, '2023-11-05 11:14:43', '2023-11-05 11:21:20'),
	(746, 57, 464, 4, 1198.75, '2023-11-05 11:14:43', '2023-11-05 11:21:20'),
	(747, 32, 79, 3, 800.26, '2023-11-05 11:14:43', '2023-11-05 11:21:20'),
	(748, 28, 306, 8, 136.86, '2023-11-05 11:14:43', '2023-11-05 11:21:20'),
	(749, 95, 446, 8, 730.25, '2023-11-05 11:14:43', '2023-11-05 11:21:20'),
	(750, 37, 499, 3, 33.73, '2023-11-05 11:14:43', '2023-11-05 11:21:20'),
	(751, 35, 154, 3, 538.61, '2023-11-05 11:14:43', '2023-11-05 11:21:20'),
	(752, 49, 114, 5, 449.09, '2023-11-05 11:14:43', '2023-11-05 11:21:20'),
	(753, 16, 308, 7, 379.02, '2023-11-05 11:14:43', '2023-11-05 11:21:20'),
	(754, 2, 329, 3, 325.21, '2023-11-05 11:14:43', '2023-11-05 11:21:20'),
	(755, 15, 325, 2, 689.83, '2023-11-05 11:14:43', '2023-11-05 11:21:20'),
	(756, 15, 478, 6, 471.61, '2023-11-05 11:14:43', '2023-11-05 11:21:20'),
	(757, 4, 326, 1, 368.68, '2023-11-05 11:14:43', '2023-11-05 11:21:20'),
	(758, 95, 19, 10, 893.27, '2023-11-05 11:14:43', '2023-11-05 11:21:20'),
	(759, 28, 246, 5, 290.27, '2023-11-05 11:14:43', '2023-11-05 11:21:20'),
	(760, 52, 37, 5, 1123.22, '2023-11-05 11:14:43', '2023-11-05 11:21:20'),
	(761, 90, 312, 7, 915.75, '2023-11-05 11:14:43', '2023-11-05 11:21:20'),
	(762, 45, 257, 4, 962.93, '2023-11-05 11:14:43', '2023-11-05 11:21:20'),
	(763, 53, 427, 2, 26.59, '2023-11-05 11:14:43', '2023-11-05 11:21:20'),
	(764, 11, 433, 6, 933.88, '2023-11-05 11:14:43', '2023-11-05 11:21:20'),
	(765, 13, 125, 8, 401.51, '2023-11-05 11:14:43', '2023-11-05 11:21:20'),
	(766, 10, 291, 4, 1198.39, '2023-11-05 11:14:43', '2023-11-05 11:21:20'),
	(767, 79, 272, 6, 130.16, '2023-11-05 11:14:43', '2023-11-05 11:21:20'),
	(768, 95, 255, 3, 671.24, '2023-11-05 11:14:43', '2023-11-05 11:21:20'),
	(769, 86, 251, 3, 394.45, '2023-11-05 11:14:43', '2023-11-05 11:21:20'),
	(770, 54, 135, 5, 164.39, '2023-11-05 11:14:43', '2023-11-05 11:21:20'),
	(771, 96, 39, 5, 466.04, '2023-11-05 11:14:43', '2023-11-05 11:21:20'),
	(772, 33, 57, 7, 139.82, '2023-11-05 11:14:43', '2023-11-05 11:21:20'),
	(773, 74, 293, 1, 798.16, '2023-11-05 11:14:43', '2023-11-05 11:21:20'),
	(774, 76, 464, 2, 1149.62, '2023-11-05 11:14:43', '2023-11-05 11:21:20'),
	(775, 46, 8, 9, 1143.63, '2023-11-05 11:14:43', '2023-11-05 11:21:20'),
	(776, 57, 483, 5, 475.39, '2023-11-05 11:14:43', '2023-11-05 11:21:20'),
	(777, 9, 50, 1, 732.89, '2023-11-05 11:14:43', '2023-11-05 11:21:20'),
	(778, 39, 473, 2, 592.69, '2023-11-05 11:14:43', '2023-11-05 11:21:20'),
	(779, 4, 162, 5, 1049.63, '2023-11-05 11:14:43', '2023-11-05 11:21:20'),
	(780, 12, 232, 4, 834.92, '2023-11-05 11:14:43', '2023-11-05 11:21:20'),
	(781, 31, 257, 6, 887.57, '2023-11-05 11:14:43', '2023-11-05 11:21:20'),
	(782, 67, 376, 10, 256.87, '2023-11-05 11:14:43', '2023-11-05 11:21:20'),
	(783, 66, 103, 2, 407.23, '2023-11-05 11:14:43', '2023-11-05 11:21:20'),
	(784, 61, 7, 4, 841.41, '2023-11-05 11:14:43', '2023-11-05 11:21:20'),
	(785, 86, 58, 9, 258.94, '2023-11-05 11:14:43', '2023-11-05 11:21:20'),
	(786, 49, 33, 6, 938.72, '2023-11-05 11:14:43', '2023-11-05 11:21:20'),
	(787, 29, 164, 6, 451.66, '2023-11-05 11:14:43', '2023-11-05 11:21:20'),
	(788, 8, 173, 8, 996.89, '2023-11-05 11:14:43', '2023-11-05 11:21:20'),
	(789, 15, 12, 10, 438.44, '2023-11-05 11:14:43', '2023-11-05 11:16:57'),
	(790, 30, 261, 3, 603.01, '2023-11-05 11:14:43', '2023-11-05 11:16:57'),
	(791, 44, 496, 1, 416.55, '2023-11-05 11:14:43', '2023-11-05 11:21:20'),
	(792, 75, 447, 6, 859.14, '2023-11-05 11:14:43', '2023-11-05 11:21:20'),
	(793, 7, 57, 10, 128.48, '2023-11-05 11:14:43', '2023-11-05 11:21:20'),
	(794, 84, 24, 7, 783.47, '2023-11-05 11:14:43', '2023-11-05 11:21:20'),
	(795, 69, 265, 5, 258.48, '2023-11-05 11:14:43', '2023-11-05 11:21:20'),
	(796, 52, 398, 1, 202.37, '2023-11-05 11:14:43', '2023-11-05 11:21:20'),
	(797, 4, 74, 8, 928.55, '2023-11-05 11:14:43', '2023-11-05 11:21:20'),
	(798, 59, 294, 9, 1026.69, '2023-11-05 11:14:43', '2023-11-05 11:21:20'),
	(799, 32, 68, 3, 716.83, '2023-11-05 11:14:43', '2023-11-05 11:21:20'),
	(800, 33, 394, 2, 878.98, '2023-11-05 11:14:43', '2023-11-05 11:21:20'),
	(801, 39, 249, 8, 1180.47, '2023-11-05 11:14:43', '2023-11-05 11:21:20'),
	(802, 80, 418, 7, 1076.95, '2023-11-05 11:14:43', '2023-11-05 11:21:20'),
	(803, 39, 320, 2, 260.09, '2023-11-05 11:14:43', '2023-11-05 11:21:20'),
	(804, 34, 373, 3, 316.87, '2023-11-05 11:14:43', '2023-11-05 11:21:20'),
	(805, 81, 234, 6, 166.45, '2023-11-05 11:14:43', '2023-11-05 11:21:20'),
	(806, 32, 236, 4, 67.10, '2023-11-05 11:14:43', '2023-11-05 11:21:20'),
	(807, 11, 123, 10, 1029.33, '2023-11-05 11:14:43', '2023-11-05 11:21:20'),
	(808, 7, 119, 5, 533.26, '2023-11-05 11:14:43', '2023-11-05 11:21:20'),
	(809, 89, 234, 3, 177.34, '2023-11-05 11:14:43', '2023-11-05 11:21:20'),
	(810, 54, 431, 1, 1047.28, '2023-11-05 11:14:43', '2023-11-05 11:21:20'),
	(811, 32, 481, 10, 216.74, '2023-11-05 11:14:43', '2023-11-05 11:21:20'),
	(812, 24, 447, 9, 859.14, '2023-11-05 11:14:43', '2023-11-05 11:21:20'),
	(813, 92, 337, 2, 955.59, '2023-11-05 11:14:43', '2023-11-05 11:21:20'),
	(814, 61, 419, 7, 1140.68, '2023-11-05 11:14:43', '2023-11-05 11:21:20'),
	(815, 24, 390, 7, 453.89, '2023-11-05 11:14:43', '2023-11-05 11:21:20'),
	(816, 42, 447, 7, 899.67, '2023-11-05 11:14:43', '2023-11-05 11:21:20'),
	(817, 95, 207, 4, 482.01, '2023-11-05 11:14:43', '2023-11-05 11:21:20'),
	(818, 50, 404, 1, 269.29, '2023-11-05 11:14:43', '2023-11-05 11:21:20'),
	(819, 15, 270, 10, 1129.51, '2023-11-05 11:14:43', '2023-11-05 11:21:20'),
	(820, 74, 267, 10, 174.72, '2023-11-05 11:14:43', '2023-11-05 11:21:20'),
	(821, 29, 181, 2, 863.73, '2023-11-05 11:14:43', '2023-11-05 11:21:20'),
	(822, 28, 248, 7, 663.48, '2023-11-05 11:14:43', '2023-11-05 11:21:20'),
	(823, 7, 260, 3, 403.54, '2023-11-05 11:14:43', '2023-11-05 11:21:20'),
	(824, 31, 24, 2, 692.06, '2023-11-05 11:14:43', '2023-11-05 11:21:20'),
	(825, 45, 222, 5, 966.43, '2023-11-05 11:14:43', '2023-11-05 11:21:20'),
	(826, 60, 386, 8, 803.70, '2023-11-05 11:14:43', '2023-11-05 11:21:20'),
	(827, 27, 279, 7, 964.74, '2023-11-05 11:14:43', '2023-11-05 11:21:20'),
	(828, 36, 370, 10, 752.04, '2023-11-05 11:14:43', '2023-11-05 11:21:20'),
	(829, 39, 369, 1, 65.87, '2023-11-05 11:14:43', '2023-11-05 11:21:20'),
	(830, 42, 194, 10, 1170.17, '2023-11-05 11:14:43', '2023-11-05 11:21:20'),
	(831, 19, 472, 9, 724.18, '2023-11-05 11:14:43', '2023-11-05 11:21:20'),
	(832, 4, 359, 6, 380.18, '2023-11-05 11:14:43', '2023-11-05 11:21:20'),
	(833, 96, 247, 1, 113.44, '2023-11-05 11:14:43', '2023-11-05 11:21:20'),
	(834, 36, 12, 1, 442.82, '2023-11-05 11:14:43', '2023-11-05 11:21:20'),
	(835, 29, 173, 5, 1006.12, '2023-11-05 11:14:43', '2023-11-05 11:21:20'),
	(836, 57, 319, 2, 1002.24, '2023-11-05 11:14:43', '2023-11-05 11:21:20'),
	(837, 10, 308, 4, 368.39, '2023-11-05 11:14:43', '2023-11-05 11:21:20'),
	(838, 37, 131, 1, 982.55, '2023-11-05 11:14:43', '2023-11-05 11:21:20'),
	(839, 18, 411, 6, 504.65, '2023-11-05 11:14:43', '2023-11-05 11:21:20'),
	(840, 34, 69, 8, 541.65, '2023-11-05 11:14:43', '2023-11-05 11:21:20'),
	(841, 20, 225, 4, 1105.65, '2023-11-05 11:14:43', '2023-11-05 11:21:20'),
	(842, 64, 219, 3, 239.99, '2023-11-05 11:14:43', '2023-11-05 11:21:20'),
	(843, 89, 97, 8, 512.07, '2023-11-05 11:14:43', '2023-11-05 11:21:20'),
	(844, 26, 423, 2, 1053.25, '2023-11-05 11:14:43', '2023-11-05 11:21:20'),
	(845, 2, 268, 2, 629.14, '2023-11-05 11:14:43', '2023-11-05 11:21:20'),
	(846, 21, 181, 1, 886.66, '2023-11-05 11:14:43', '2023-11-05 11:21:20'),
	(847, 13, 219, 6, 235.38, '2023-11-05 11:14:43', '2023-11-05 11:21:20'),
	(848, 3, 360, 1, 689.55, '2023-11-05 11:14:43', '2023-11-05 11:21:20'),
	(849, 90, 304, 8, 79.20, '2023-11-05 11:14:43', '2023-11-05 11:21:20'),
	(850, 100, 307, 3, 219.90, '2023-11-05 11:14:43', '2023-11-05 11:21:20'),
	(851, 19, 58, 2, 269.91, '2023-11-05 11:14:43', '2023-11-05 11:21:20'),
	(852, 20, 494, 9, 285.44, '2023-11-05 11:14:43', '2023-11-05 11:21:20'),
	(853, 42, 189, 1, 327.41, '2023-11-05 11:14:43', '2023-11-05 11:21:20'),
	(854, 2, 485, 8, 973.37, '2023-11-05 11:14:43', '2023-11-05 11:21:20'),
	(855, 8, 227, 8, 598.92, '2023-11-05 11:14:43', '2023-11-05 11:21:20'),
	(856, 75, 218, 8, 755.63, '2023-11-05 11:14:43', '2023-11-05 11:21:20'),
	(857, 71, 213, 2, 543.48, '2023-11-05 11:14:43', '2023-11-05 11:21:20'),
	(858, 14, 256, 8, 333.92, '2023-11-05 11:14:43', '2023-11-05 11:21:20'),
	(859, 94, 388, 4, 443.11, '2023-11-05 11:14:43', '2023-11-05 11:21:20'),
	(860, 22, 30, 3, 743.79, '2023-11-05 11:14:43', '2023-11-05 11:21:20'),
	(861, 49, 90, 4, 66.76, '2023-11-05 11:14:43', '2023-11-05 11:21:20'),
	(862, 68, 317, 10, 373.38, '2023-11-05 11:14:43', '2023-11-05 11:21:20'),
	(863, 46, 444, 8, 1102.30, '2023-11-05 11:14:43', '2023-11-05 11:21:20'),
	(864, 64, 282, 8, 471.12, '2023-11-05 11:14:43', '2023-11-05 11:21:20'),
	(865, 28, 56, 8, 505.21, '2023-11-05 11:14:43', '2023-11-05 11:21:20'),
	(866, 95, 400, 4, 925.20, '2023-11-05 11:14:43', '2023-11-05 11:21:20'),
	(867, 35, 47, 8, 237.00, '2023-11-05 11:14:43', '2023-11-05 11:21:20'),
	(868, 64, 43, 9, 1015.66, '2023-11-05 11:14:43', '2023-11-05 11:21:20'),
	(869, 30, 67, 9, 352.68, '2023-11-05 11:14:43', '2023-11-05 11:21:20'),
	(870, 80, 352, 7, 1070.00, '2023-11-05 11:14:43', '2023-11-05 11:21:20'),
	(871, 81, 11, 6, 497.14, '2023-11-05 11:14:43', '2023-11-05 11:21:20'),
	(872, 33, 215, 8, 322.53, '2023-11-05 11:14:43', '2023-11-05 11:21:20'),
	(873, 81, 55, 5, 172.97, '2023-11-05 11:14:43', '2023-11-05 11:21:20'),
	(874, 32, 380, 3, 415.70, '2023-11-05 11:14:43', '2023-11-05 11:21:20'),
	(875, 7, 469, 5, 71.33, '2023-11-05 11:14:43', '2023-11-05 11:21:20'),
	(876, 76, 4, 8, 63.43, '2023-11-05 11:14:43', '2023-11-05 11:21:20'),
	(877, 85, 328, 7, 706.72, '2023-11-05 11:14:43', '2023-11-05 11:21:20'),
	(878, 86, 412, 3, 822.76, '2023-11-05 11:14:43', '2023-11-05 11:21:20'),
	(879, 56, 186, 3, 736.02, '2023-11-05 11:14:43', '2023-11-05 11:21:20'),
	(880, 78, 259, 8, 632.96, '2023-11-05 11:14:43', '2023-11-05 11:21:20'),
	(881, 63, 154, 1, 604.66, '2023-11-05 11:14:43', '2023-11-05 11:21:20'),
	(882, 4, 454, 5, 311.90, '2023-11-05 11:14:43', '2023-11-05 11:21:20'),
	(883, 100, 425, 2, 539.54, '2023-11-05 11:14:43', '2023-11-05 11:21:20'),
	(884, 53, 443, 5, 701.64, '2023-11-05 11:14:43', '2023-11-05 11:21:20'),
	(885, 1, 432, 6, 92.50, '2023-11-05 11:14:43', '2023-11-05 11:21:20'),
	(886, 78, 116, 7, 802.40, '2023-11-05 11:14:43', '2023-11-05 11:21:20'),
	(887, 29, 193, 9, 289.38, '2023-11-05 11:14:43', '2023-11-05 11:21:20'),
	(888, 97, 345, 3, 922.56, '2023-11-05 11:14:43', '2023-11-05 11:21:20'),
	(889, 40, 247, 8, 120.28, '2023-11-05 11:14:43', '2023-11-05 11:21:20'),
	(890, 42, 35, 8, 186.09, '2023-11-05 11:14:43', '2023-11-05 11:21:20'),
	(891, 44, 40, 4, 715.02, '2023-11-05 11:14:43', '2023-11-05 11:21:20'),
	(892, 93, 36, 9, 649.22, '2023-11-05 11:14:43', '2023-11-05 11:21:20'),
	(893, 48, 396, 4, 143.47, '2023-11-05 11:14:43', '2023-11-05 11:21:20'),
	(894, 44, 322, 6, 362.92, '2023-11-05 11:14:43', '2023-11-05 11:21:20'),
	(895, 28, 24, 10, 711.65, '2023-11-05 11:14:43', '2023-11-05 11:21:20'),
	(896, 97, 221, 1, 174.65, '2023-11-05 11:14:43', '2023-11-05 11:21:20'),
	(897, 26, 322, 3, 342.76, '2023-11-05 11:14:43', '2023-11-05 11:21:20'),
	(898, 34, 322, 8, 416.69, '2023-11-05 11:14:43', '2023-11-05 11:21:20'),
	(899, 54, 200, 2, 645.93, '2023-11-05 11:14:43', '2023-11-05 11:21:20'),
	(900, 95, 351, 9, 750.82, '2023-11-05 11:14:43', '2023-11-05 11:21:20'),
	(901, 100, 313, 10, 568.46, '2023-11-05 11:14:43', '2023-11-05 11:21:20'),
	(902, 57, 486, 2, 418.78, '2023-11-05 11:14:43', '2023-11-05 11:21:20'),
	(903, 67, 500, 8, 926.28, '2023-11-05 11:14:43', '2023-11-05 11:21:20'),
	(904, 3, 268, 10, 741.26, '2023-11-05 11:14:43', '2023-11-05 11:21:20'),
	(905, 27, 441, 10, 159.99, '2023-11-05 11:14:43', '2023-11-05 11:21:20'),
	(906, 61, 64, 2, 480.03, '2023-11-05 11:14:43', '2023-11-05 11:21:20'),
	(907, 16, 336, 10, 30.56, '2023-11-05 11:14:43', '2023-11-05 11:21:20'),
	(908, 54, 278, 1, 589.95, '2023-11-05 11:14:43', '2023-11-05 11:21:20'),
	(909, 76, 214, 1, 725.77, '2023-11-05 11:14:43', '2023-11-05 11:21:20'),
	(910, 72, 411, 9, 574.60, '2023-11-05 11:14:43', '2023-11-05 11:21:20'),
	(911, 60, 12, 5, 543.67, '2023-11-05 11:14:43', '2023-11-05 11:21:20'),
	(912, 8, 97, 1, 594.98, '2023-11-05 11:14:43', '2023-11-05 11:21:20'),
	(913, 17, 167, 4, 69.82, '2023-11-05 11:14:43', '2023-11-05 11:21:20'),
	(914, 83, 33, 2, 992.88, '2023-11-05 11:14:43', '2023-11-05 11:21:20'),
	(915, 31, 348, 6, 80.88, '2023-11-05 11:14:43', '2023-11-05 11:21:20'),
	(916, 9, 403, 2, 1047.75, '2023-11-05 11:14:43', '2023-11-05 11:21:20'),
	(917, 7, 390, 5, 461.52, '2023-11-05 11:14:43', '2023-11-05 11:21:20'),
	(918, 8, 162, 8, 1013.75, '2023-11-05 11:14:43', '2023-11-05 11:21:20'),
	(919, 33, 267, 3, 179.91, '2023-11-05 11:14:43', '2023-11-05 11:21:20'),
	(920, 93, 163, 5, 349.17, '2023-11-05 11:14:43', '2023-11-05 11:21:20'),
	(921, 85, 25, 1, 413.24, '2023-11-05 11:14:43', '2023-11-05 11:21:20'),
	(922, 81, 493, 3, 443.19, '2023-11-05 11:14:43', '2023-11-05 11:21:20'),
	(923, 58, 93, 5, 345.43, '2023-11-05 11:14:43', '2023-11-05 11:21:20'),
	(924, 62, 455, 9, 74.04, '2023-11-05 11:14:43', '2023-11-05 11:21:20'),
	(925, 8, 321, 9, 1012.22, '2023-11-05 11:14:43', '2023-11-05 11:21:20'),
	(926, 86, 62, 2, 72.04, '2023-11-05 11:14:43', '2023-11-05 11:21:20'),
	(927, 70, 62, 8, 80.63, '2023-11-05 11:14:43', '2023-11-05 11:21:20'),
	(928, 73, 422, 1, 921.84, '2023-11-05 11:14:43', '2023-11-05 11:21:20'),
	(929, 22, 133, 3, 776.08, '2023-11-05 11:14:43', '2023-11-05 11:21:20'),
	(930, 81, 490, 5, 534.27, '2023-11-05 11:14:43', '2023-11-05 11:21:20'),
	(931, 7, 55, 3, 174.57, '2023-11-05 11:14:43', '2023-11-05 11:21:20'),
	(932, 14, 128, 9, 969.35, '2023-11-05 11:14:43', '2023-11-05 11:21:20'),
	(933, 69, 335, 5, 495.23, '2023-11-05 11:14:43', '2023-11-05 11:21:20'),
	(934, 23, 179, 10, 1025.39, '2023-11-05 11:14:43', '2023-11-05 11:21:20'),
	(935, 46, 136, 4, 402.20, '2023-11-05 11:14:43', '2023-11-05 11:21:20'),
	(936, 63, 58, 5, 263.33, '2023-11-05 11:14:43', '2023-11-05 11:21:20'),
	(937, 24, 67, 9, 334.90, '2023-11-05 11:14:43', '2023-11-05 11:21:20'),
	(938, 87, 42, 4, 984.49, '2023-11-05 11:14:43', '2023-11-05 11:21:20'),
	(939, 49, 489, 9, 914.12, '2023-11-05 11:14:43', '2023-11-05 11:21:20'),
	(940, 26, 58, 7, 267.72, '2023-11-05 11:14:43', '2023-11-05 11:21:20'),
	(941, 36, 210, 5, 169.07, '2023-11-05 11:14:43', '2023-11-05 11:21:20'),
	(942, 33, 297, 7, 853.21, '2023-11-05 11:14:43', '2023-11-05 11:21:20'),
	(943, 16, 422, 4, 972.13, '2023-11-05 11:14:43', '2023-11-05 11:21:20'),
	(944, 93, 135, 9, 160.06, '2023-11-05 11:14:43', '2023-11-05 11:21:20'),
	(945, 34, 199, 3, 722.21, '2023-11-05 11:14:43', '2023-11-05 11:21:20'),
	(946, 24, 420, 10, 558.70, '2023-11-05 11:14:43', '2023-11-05 11:21:20'),
	(947, 41, 427, 8, 28.49, '2023-11-05 11:14:43', '2023-11-05 11:21:20'),
	(948, 6, 409, 5, 529.28, '2023-11-05 11:14:43', '2023-11-05 11:16:57'),
	(949, 52, 233, 5, 74.15, '2023-11-05 11:14:43', '2023-11-05 11:21:20'),
	(950, 93, 433, 2, 933.88, '2023-11-05 11:14:43', '2023-11-05 11:21:20'),
	(951, 60, 2, 7, 286.64, '2023-11-05 11:14:43', '2023-11-05 11:21:20'),
	(952, 4, 6, 8, 439.53, '2023-11-05 11:14:43', '2023-11-05 11:16:57'),
	(953, 55, 307, 8, 204.74, '2023-11-05 11:14:43', '2023-11-05 11:21:20'),
	(954, 71, 57, 5, 143.59, '2023-11-05 11:14:43', '2023-11-05 11:21:20'),
	(955, 8, 220, 7, 1048.30, '2023-11-05 11:14:43', '2023-11-05 11:21:20'),
	(956, 47, 385, 5, 156.55, '2023-11-05 11:14:43', '2023-11-05 11:21:20'),
	(957, 94, 115, 10, 81.28, '2023-11-05 11:14:43', '2023-11-05 11:21:20'),
	(958, 58, 259, 7, 608.62, '2023-11-05 11:14:43', '2023-11-05 11:16:57'),
	(959, 38, 167, 3, 65.57, '2023-11-05 11:14:43', '2023-11-05 11:21:20'),
	(960, 87, 218, 9, 712.97, '2023-11-05 11:14:43', '2023-11-05 11:21:20'),
	(961, 10, 70, 1, 1125.66, '2023-11-05 11:14:43', '2023-11-05 11:21:20'),
	(962, 55, 147, 10, 129.51, '2023-11-05 11:14:43', '2023-11-05 11:21:20'),
	(963, 3, 364, 2, 219.46, '2023-11-05 11:14:43', '2023-11-05 11:21:20'),
	(964, 73, 176, 6, 137.94, '2023-11-05 11:14:43', '2023-11-05 11:21:20'),
	(965, 16, 427, 9, 23.74, '2023-11-05 11:14:43', '2023-11-05 11:16:57'),
	(966, 42, 376, 7, 239.46, '2023-11-05 11:14:43', '2023-11-05 11:21:20'),
	(967, 60, 469, 4, 76.30, '2023-11-05 11:14:43', '2023-11-05 11:21:20'),
	(968, 3, 398, 7, 185.79, '2023-11-05 11:14:43', '2023-11-05 11:21:20'),
	(969, 98, 311, 10, 481.53, '2023-11-05 11:14:43', '2023-11-05 11:21:20'),
	(970, 86, 304, 9, 83.48, '2023-11-05 11:14:43', '2023-11-05 11:21:20'),
	(971, 83, 61, 8, 39.76, '2023-11-05 11:14:43', '2023-11-05 11:21:20'),
	(972, 50, 95, 10, 541.00, '2023-11-05 11:14:43', '2023-11-05 11:21:20'),
	(973, 16, 74, 8, 887.83, '2023-11-05 11:14:43', '2023-11-05 11:21:20'),
	(974, 29, 23, 2, 455.88, '2023-11-05 11:14:43', '2023-11-05 11:21:20'),
	(975, 56, 451, 1, 240.46, '2023-11-05 11:14:43', '2023-11-05 11:21:20'),
	(976, 6, 447, 3, 899.67, '2023-11-05 11:14:43', '2023-11-05 11:21:20'),
	(977, 68, 191, 3, 994.20, '2023-11-05 11:14:43', '2023-11-05 11:16:57'),
	(978, 50, 121, 7, 734.44, '2023-11-05 11:14:43', '2023-11-05 11:21:20'),
	(979, 60, 188, 5, 530.57, '2023-11-05 11:14:43', '2023-11-05 11:21:20'),
	(980, 82, 378, 1, 258.09, '2023-11-05 11:14:43', '2023-11-05 11:21:20'),
	(981, 42, 493, 3, 519.89, '2023-11-05 11:14:43', '2023-11-05 11:21:20'),
	(982, 4, 15, 7, 682.88, '2023-11-05 11:14:43', '2023-11-05 11:21:20'),
	(983, 68, 198, 5, 941.03, '2023-11-05 11:14:43', '2023-11-05 11:21:20'),
	(984, 33, 415, 4, 618.07, '2023-11-05 11:14:43', '2023-11-05 11:21:20'),
	(985, 30, 336, 10, 35.35, '2023-11-05 11:14:43', '2023-11-05 11:21:20'),
	(986, 70, 122, 1, 151.17, '2023-11-05 11:14:43', '2023-11-05 11:21:20'),
	(987, 21, 320, 3, 253.70, '2023-11-05 11:14:43', '2023-11-05 11:21:20'),
	(988, 31, 195, 3, 1003.46, '2023-11-05 11:14:43', '2023-11-05 11:21:20'),
	(989, 9, 248, 7, 651.94, '2023-11-05 11:14:43', '2023-11-05 11:21:20'),
	(990, 11, 402, 1, 776.18, '2023-11-05 11:14:43', '2023-11-05 11:21:20'),
	(991, 93, 282, 9, 499.11, '2023-11-05 11:14:43', '2023-11-05 11:21:20'),
	(992, 52, 82, 7, 64.43, '2023-11-05 11:14:43', '2023-11-05 11:21:20'),
	(993, 29, 487, 7, 979.77, '2023-11-05 11:14:43', '2023-11-05 11:21:20'),
	(994, 26, 465, 7, 368.64, '2023-11-05 11:14:43', '2023-11-05 11:21:20'),
	(995, 95, 133, 1, 855.87, '2023-11-05 11:14:43', '2023-11-05 11:21:20'),
	(996, 19, 87, 1, 929.40, '2023-11-05 11:14:43', '2023-11-05 11:16:57'),
	(997, 18, 97, 4, 594.98, '2023-11-05 11:14:43', '2023-11-05 11:21:20'),
	(998, 77, 71, 7, 1076.00, '2023-11-05 11:14:43', '2023-11-05 11:21:20'),
	(999, 91, 88, 7, 1092.92, '2023-11-05 11:14:43', '2023-11-05 11:21:20'),
	(1000, 31, 34, 5, 765.70, '2023-11-05 11:14:43', '2023-11-05 11:21:20');

-- Dumping structure for table real_sql.products
CREATE TABLE IF NOT EXISTS `products` (
  `id` int NOT NULL AUTO_INCREMENT,
  `categorie_id` int NOT NULL,
  `name` varchar(100) COLLATE utf8mb4_unicode_ci NOT NULL,
  `description` text COLLATE utf8mb4_unicode_ci NOT NULL,
  `price` float(7,2) NOT NULL,
  `created_at` datetime DEFAULT CURRENT_TIMESTAMP,
  `updated_at` datetime DEFAULT NULL ON UPDATE CURRENT_TIMESTAMP,
  PRIMARY KEY (`id`)
) ENGINE=InnoDB AUTO_INCREMENT=501 DEFAULT CHARSET=utf8mb4 COLLATE=utf8mb4_unicode_ci;

-- Dumping data for table real_sql.products: ~0 rows (approximately)
INSERT INTO `products` (`id`, `categorie_id`, `name`, `description`, `price`, `created_at`, `updated_at`) VALUES
	(1, 11, 'Sponge Cake Mix - Vanilla', 'Donec diam neque, vestibulum eget, vulputate ut, ultrices vel, augue.', 633.69, '2023-11-05 11:04:09', NULL),
	(2, 22, 'Ice Cream - Life Savers', 'Donec dapibus. Duis at velit eu est congue elementum. In hac habitasse platea dictumst. Morbi vestibulum, velit id pretium iaculis, diam erat fermentum justo, nec condimentum neque sapien placerat ante. Nulla justo. Aliquam quis turpis eget elit sodales scelerisque. Mauris sit amet eros. Suspendisse accumsan tortor quis turpis.', 251.44, '2023-11-05 11:04:09', NULL),
	(3, 28, 'Juice - Propel Sport', 'Sed accumsan felis. Ut at dolor quis odio consequat varius. Integer ac leo. Pellentesque ultrices mattis odio. Donec vitae nisi. Nam ultrices, libero non mattis pulvinar, nulla pede ullamcorper augue, a suscipit nulla elit ac nulla.', 276.05, '2023-11-05 11:04:09', NULL),
	(4, 2, 'Towel - Roll White', 'Sed sagittis.', 56.13, '2023-11-05 11:04:09', NULL),
	(5, 4, 'Chocolate - Milk, Callets', 'In eleifend quam a odio. In hac habitasse platea dictumst. Maecenas ut massa quis augue luctus tincidunt. Nulla mollis molestie lorem. Quisque ut erat. Curabitur gravida nisi at nibh. In hac habitasse platea dictumst. Aliquam augue quam, sollicitudin vitae, consectetuer eget, rutrum at, lorem. Integer tincidunt ante vel ipsum.', 300.48, '2023-11-05 11:04:09', NULL),
	(6, 26, 'Cheese - Brie, Triple Creme', 'Quisque erat eros, viverra eget, congue eget, semper rutrum, nulla. Nunc purus.', 439.53, '2023-11-05 11:04:09', NULL),
	(7, 26, 'Coffee - Decaffeinato Coffee', 'Vestibulum ante ipsum primis in faucibus orci luctus et ultrices posuere cubilia Curae; Mauris viverra diam vitae quam. Suspendisse potenti. Nullam porttitor lacus at turpis. Donec posuere metus vitae ipsum. Aliquam non mauris. Morbi non lectus.', 744.61, '2023-11-05 11:04:09', NULL),
	(8, 21, 'Wine - Sicilia Igt Nero Avola', 'Integer ac leo. Pellentesque ultrices mattis odio. Donec vitae nisi. Nam ultrices, libero non mattis pulvinar, nulla pede ullamcorper augue, a suscipit nulla elit ac nulla. Sed vel enim sit amet nunc viverra dapibus. Nulla suscipit ligula in lacus. Curabitur at ipsum ac tellus semper interdum.', 937.40, '2023-11-05 11:04:09', NULL),
	(9, 29, 'Swiss Chard', 'Ut tellus. Nulla ut erat id mauris vulputate elementum. Nullam varius. Nulla facilisi. Cras non velit nec nisi vulputate nonummy. Maecenas tincidunt lacus at velit.', 800.34, '2023-11-05 11:04:09', NULL),
	(10, 30, 'Sherry - Dry', 'Morbi a ipsum. Integer a nibh. In quis justo.', 879.18, '2023-11-05 11:04:09', NULL),
	(11, 13, 'Clams - Canned', 'Integer a nibh. In quis justo. Maecenas rhoncus aliquam lacus. Morbi quis tortor id nulla ultrices aliquet. Maecenas leo odio, condimentum id, luctus nec, molestie sed, justo. Pellentesque viverra pede ac diam. Cras pellentesque volutpat dui. Maecenas tristique, est et tempus semper, est quam pharetra magna, ac consequat metus sapien ut nunc.', 410.86, '2023-11-05 11:04:09', NULL),
	(12, 5, 'Veal - Nuckle', 'Quisque porta volutpat erat. Quisque erat eros, viverra eget, congue eget, semper rutrum, nulla. Nunc purus. Phasellus in felis.', 438.44, '2023-11-05 11:04:09', NULL),
	(13, 3, 'Bread - Pumpernickle, Rounds', 'In blandit ultrices enim.', 158.76, '2023-11-05 11:04:09', NULL),
	(14, 14, 'Potatoes - Instant, Mashed', 'Fusce lacus purus, aliquet at, feugiat non, pretium quis, lectus. Suspendisse potenti. In eleifend quam a odio. In hac habitasse platea dictumst. Maecenas ut massa quis augue luctus tincidunt.', 671.38, '2023-11-05 11:04:09', NULL),
	(15, 7, 'Snails - Large Canned', 'Proin leo odio, porttitor id, consequat in, consequat ut, nulla. Sed accumsan felis.', 573.85, '2023-11-05 11:04:09', NULL),
	(16, 16, 'Foam Tray S2', 'Pellentesque ultrices mattis odio. Donec vitae nisi. Nam ultrices, libero non mattis pulvinar, nulla pede ullamcorper augue, a suscipit nulla elit ac nulla.', 155.50, '2023-11-05 11:04:09', NULL),
	(17, 19, 'Lettuce - Arugula', 'Nunc purus.', 649.87, '2023-11-05 11:04:09', NULL),
	(18, 23, 'Nacho Chips', 'Aenean fermentum. Donec ut mauris eget massa tempor convallis. Nulla neque libero, convallis eget, eleifend luctus, ultricies eu, nibh. Quisque id justo sit amet sapien dignissim vestibulum. Vestibulum ante ipsum primis in faucibus orci luctus et ultrices posuere cubilia Curae; Nulla dapibus dolor vel est. Donec odio justo, sollicitudin ut, suscipit a, feugiat et, eros. Vestibulum ac est lacinia nisi venenatis tristique. Fusce congue, diam id ornare imperdiet, sapien urna pretium nisl, ut volutpat sapien arcu sed augue.', 28.68, '2023-11-05 11:04:09', NULL),
	(19, 11, 'Napkin - Beverge, White 2 - Ply', 'Aenean sit amet justo. Morbi ut odio. Cras mi pede, malesuada in, imperdiet et, commodo vulputate, justo. In blandit ultrices enim. Lorem ipsum dolor sit amet, consectetuer adipiscing elit. Proin interdum mauris non ligula pellentesque ultrices. Phasellus id sapien in sapien iaculis congue. Vivamus metus arcu, adipiscing molestie, hendrerit at, vulputate vitae, nisl. Aenean lectus.', 776.76, '2023-11-05 11:04:09', NULL),
	(20, 13, 'Veal - Leg, Provimi - 50 Lb Max', 'Cum sociis natoque penatibus et magnis dis parturient montes, nascetur ridiculus mus. Vivamus vestibulum sagittis sapien.', 193.52, '2023-11-05 11:04:09', NULL),
	(21, 28, 'Juice - Grapefruit, 341 Ml', 'Nam ultrices, libero non mattis pulvinar, nulla pede ullamcorper augue, a suscipit nulla elit ac nulla. Sed vel enim sit amet nunc viverra dapibus.', 104.91, '2023-11-05 11:04:09', NULL),
	(22, 4, 'Figs', 'Praesent lectus. Vestibulum quam sapien, varius ut, blandit non, interdum in, ante. Vestibulum ante ipsum primis in faucibus orci luctus et ultrices posuere cubilia Curae; Duis faucibus accumsan odio. Curabitur convallis. Duis consequat dui nec nisi volutpat eleifend. Donec ut dolor. Morbi vel lectus in quam fringilla rhoncus.', 661.06, '2023-11-05 11:04:09', NULL),
	(23, 21, 'Turnip - White, Organic', 'Nam nulla. Integer pede justo, lacinia eget, tincidunt eget, tempus vel, pede. Morbi porttitor lorem id ligula. Suspendisse ornare consequat lectus. In est risus, auctor sed, tristique in, tempus sit amet, sem. Fusce consequat. Nulla nisl. Nunc nisl.', 451.37, '2023-11-05 11:04:09', NULL),
	(24, 25, 'Beef - Tenderloin - Aa', 'Proin eu mi. Nulla ac enim. In tempor, turpis nec euismod scelerisque, quam turpis adipiscing lorem, vitae mattis nibh ligula nec sem. Duis aliquam convallis nunc.', 652.89, '2023-11-05 11:04:09', NULL),
	(25, 16, 'Glass Clear 8 Oz', 'Fusce congue, diam id ornare imperdiet, sapien urna pretium nisl, ut volutpat sapien arcu sed augue. Aliquam erat volutpat. In congue. Etiam justo. Etiam pretium iaculis justo. In hac habitasse platea dictumst. Etiam faucibus cursus urna.', 362.49, '2023-11-05 11:04:09', NULL),
	(26, 23, 'Tea - Green', 'Praesent blandit.', 632.81, '2023-11-05 11:04:09', NULL),
	(27, 26, 'Pasta - Tortellini, Fresh', 'Morbi vestibulum, velit id pretium iaculis, diam erat fermentum justo, nec condimentum neque sapien placerat ante. Nulla justo.', 94.81, '2023-11-05 11:04:09', NULL),
	(28, 20, 'Coffee Caramel Biscotti', 'Cras in purus eu magna vulputate luctus. Cum sociis natoque penatibus et magnis dis parturient montes, nascetur ridiculus mus. Vivamus vestibulum sagittis sapien. Cum sociis natoque penatibus et magnis dis parturient montes, nascetur ridiculus mus. Etiam vel augue. Vestibulum rutrum rutrum neque.', 510.81, '2023-11-05 11:04:09', NULL),
	(29, 25, 'Lamb - Shoulder', 'Phasellus id sapien in sapien iaculis congue. Vivamus metus arcu, adipiscing molestie, hendrerit at, vulputate vitae, nisl. Aenean lectus.', 349.44, '2023-11-05 11:04:09', NULL),
	(30, 22, 'Soup - Clam Chowder, Dry Mix', 'Nullam varius. Nulla facilisi. Cras non velit nec nisi vulputate nonummy. Maecenas tincidunt lacus at velit. Vivamus vel nulla eget eros elementum pellentesque. Quisque porta volutpat erat.', 614.70, '2023-11-05 11:04:09', NULL),
	(31, 26, 'Sloe Gin - Mcguinness', 'Morbi odio odio, elementum eu, interdum eu, tincidunt in, leo. Maecenas pulvinar lobortis est. Phasellus sit amet erat. Nulla tempus. Vivamus in felis eu sapien cursus vestibulum. Proin eu mi. Nulla ac enim. In tempor, turpis nec euismod scelerisque, quam turpis adipiscing lorem, vitae mattis nibh ligula nec sem.', 177.49, '2023-11-05 11:04:09', NULL),
	(32, 24, 'Cheese - Valancey', 'Vivamus in felis eu sapien cursus vestibulum. Proin eu mi. Nulla ac enim. In tempor, turpis nec euismod scelerisque, quam turpis adipiscing lorem, vitae mattis nibh ligula nec sem. Duis aliquam convallis nunc. Proin at turpis a pede posuere nonummy.', 618.21, '2023-11-05 11:04:09', NULL),
	(33, 23, 'Vinegar - Rice', 'Nulla tellus. In sagittis dui vel nisl. Duis ac nibh. Fusce lacus purus, aliquet at, feugiat non, pretium quis, lectus.', 902.62, '2023-11-05 11:04:09', NULL),
	(34, 3, 'Spic And Span All Purpose', 'Nunc nisl.', 638.08, '2023-11-05 11:04:09', NULL),
	(35, 16, 'Stock - Veal, White', 'Integer tincidunt ante vel ipsum.', 177.23, '2023-11-05 11:04:09', NULL),
	(36, 12, 'French Kiss Vanilla', 'Cras in purus eu magna vulputate luctus. Cum sociis natoque penatibus et magnis dis parturient montes, nascetur ridiculus mus. Vivamus vestibulum sagittis sapien. Cum sociis natoque penatibus et magnis dis parturient montes, nascetur ridiculus mus. Etiam vel augue. Vestibulum rutrum rutrum neque.', 559.67, '2023-11-05 11:04:09', NULL),
	(37, 6, 'Food Colouring - Green', 'Donec quis orci eget orci vehicula condimentum. Curabitur in libero ut massa volutpat convallis. Morbi odio odio, elementum eu, interdum eu, tincidunt in, leo. Maecenas pulvinar lobortis est. Phasellus sit amet erat. Nulla tempus. Vivamus in felis eu sapien cursus vestibulum.', 985.28, '2023-11-05 11:04:09', NULL),
	(38, 5, 'Snapple - Iced Tea Peach', 'Aenean auctor gravida sem. Praesent id massa id nisl venenatis lacinia. Aenean sit amet justo. Morbi ut odio. Cras mi pede, malesuada in, imperdiet et, commodo vulputate, justo. In blandit ultrices enim. Lorem ipsum dolor sit amet, consectetuer adipiscing elit. Proin interdum mauris non ligula pellentesque ultrices. Phasellus id sapien in sapien iaculis congue. Vivamus metus arcu, adipiscing molestie, hendrerit at, vulputate vitae, nisl.', 407.04, '2023-11-05 11:04:09', NULL),
	(39, 20, 'Pepper Squash', 'Mauris sit amet eros. Suspendisse accumsan tortor quis turpis. Sed ante. Vivamus tortor.', 461.43, '2023-11-05 11:04:09', NULL),
	(40, 1, 'Tahini Paste', 'Pellentesque ultrices mattis odio. Donec vitae nisi. Nam ultrices, libero non mattis pulvinar, nulla pede ullamcorper augue, a suscipit nulla elit ac nulla. Sed vel enim sit amet nunc viverra dapibus. Nulla suscipit ligula in lacus. Curabitur at ipsum ac tellus semper interdum.', 674.55, '2023-11-05 11:04:09', NULL),
	(41, 12, 'Turkey - Breast, Smoked', 'Praesent blandit. Nam nulla. Integer pede justo, lacinia eget, tincidunt eget, tempus vel, pede. Morbi porttitor lorem id ligula.', 775.32, '2023-11-05 11:04:09', NULL),
	(42, 16, 'Energy Drink', 'Nulla neque libero, convallis eget, eleifend luctus, ultricies eu, nibh.', 928.76, '2023-11-05 11:04:09', NULL),
	(43, 24, 'Magnotta Bel Paese Red', 'Aenean sit amet justo. Morbi ut odio. Cras mi pede, malesuada in, imperdiet et, commodo vulputate, justo. In blandit ultrices enim. Lorem ipsum dolor sit amet, consectetuer adipiscing elit. Proin interdum mauris non ligula pellentesque ultrices.', 853.50, '2023-11-05 11:04:09', NULL),
	(44, 24, 'Bread - Rye', 'Vivamus vestibulum sagittis sapien. Cum sociis natoque penatibus et magnis dis parturient montes, nascetur ridiculus mus. Etiam vel augue. Vestibulum rutrum rutrum neque. Aenean auctor gravida sem. Praesent id massa id nisl venenatis lacinia. Aenean sit amet justo. Morbi ut odio. Cras mi pede, malesuada in, imperdiet et, commodo vulputate, justo. In blandit ultrices enim.', 867.36, '2023-11-05 11:04:09', NULL),
	(45, 11, 'Mace', 'Nulla mollis molestie lorem. Quisque ut erat. Curabitur gravida nisi at nibh. In hac habitasse platea dictumst. Aliquam augue quam, sollicitudin vitae, consectetuer eget, rutrum at, lorem. Integer tincidunt ante vel ipsum. Praesent blandit lacinia erat. Vestibulum sed magna at nunc commodo placerat.', 418.93, '2023-11-05 11:04:09', NULL),
	(46, 6, 'Apples - Sliced / Wedge', 'Donec ut mauris eget massa tempor convallis. Nulla neque libero, convallis eget, eleifend luctus, ultricies eu, nibh. Quisque id justo sit amet sapien dignissim vestibulum. Vestibulum ante ipsum primis in faucibus orci luctus et ultrices posuere cubilia Curae; Nulla dapibus dolor vel est. Donec odio justo, sollicitudin ut, suscipit a, feugiat et, eros. Vestibulum ac est lacinia nisi venenatis tristique. Fusce congue, diam id ornare imperdiet, sapien urna pretium nisl, ut volutpat sapien arcu sed augue.', 678.15, '2023-11-05 11:04:09', NULL),
	(47, 10, 'Mustard - Dry, Powder', 'Nulla tempus. Vivamus in felis eu sapien cursus vestibulum. Proin eu mi. Nulla ac enim.', 202.56, '2023-11-05 11:04:09', NULL),
	(48, 3, 'Garlic Powder', 'Nulla ut erat id mauris vulputate elementum.', 38.26, '2023-11-05 11:04:09', NULL),
	(49, 20, 'Cheese - St. Paulin', 'Morbi non quam nec dui luctus rutrum. Nulla tellus. In sagittis dui vel nisl.', 47.20, '2023-11-05 11:04:09', NULL),
	(50, 5, 'Dried Figs', 'Aenean sit amet justo. Morbi ut odio.', 697.99, '2023-11-05 11:04:09', NULL),
	(51, 21, 'Chicken - Base, Ultimate', 'Morbi porttitor lorem id ligula. Suspendisse ornare consequat lectus.', 995.48, '2023-11-05 11:04:09', NULL),
	(52, 21, 'Muffin Puck Ww Carrot', 'Duis mattis egestas metus. Aenean fermentum. Donec ut mauris eget massa tempor convallis.', 822.35, '2023-11-05 11:04:09', NULL),
	(53, 21, 'Beets - Mini Golden', 'Praesent blandit lacinia erat. Vestibulum sed magna at nunc commodo placerat. Praesent blandit. Nam nulla.', 223.64, '2023-11-05 11:04:09', NULL),
	(54, 29, 'Pasta - Linguini, Dry', 'Proin interdum mauris non ligula pellentesque ultrices. Phasellus id sapien in sapien iaculis congue. Vivamus metus arcu, adipiscing molestie, hendrerit at, vulputate vitae, nisl. Aenean lectus. Pellentesque eget nunc. Donec quis orci eget orci vehicula condimentum. Curabitur in libero ut massa volutpat convallis.', 722.27, '2023-11-05 11:04:09', NULL),
	(55, 1, 'Pepper - Paprika, Spanish', 'Nulla suscipit ligula in lacus.', 160.16, '2023-11-05 11:04:09', NULL),
	(56, 6, 'Sole - Dover, Whole, Fresh', 'Cum sociis natoque penatibus et magnis dis parturient montes, nascetur ridiculus mus. Etiam vel augue.', 467.79, '2023-11-05 11:04:09', NULL),
	(57, 10, 'Soup V8 Roasted Red Pepper', 'Donec vitae nisi. Nam ultrices, libero non mattis pulvinar, nulla pede ullamcorper augue, a suscipit nulla elit ac nulla. Sed vel enim sit amet nunc viverra dapibus. Nulla suscipit ligula in lacus. Curabitur at ipsum ac tellus semper interdum. Mauris ullamcorper purus sit amet nulla. Quisque arcu libero, rutrum ac, lobortis vel, dapibus at, diam.', 125.96, '2023-11-05 11:04:09', NULL),
	(58, 7, 'Bread - Bagels, Plain', 'Phasellus id sapien in sapien iaculis congue. Vivamus metus arcu, adipiscing molestie, hendrerit at, vulputate vitae, nisl. Aenean lectus.', 219.44, '2023-11-05 11:04:09', NULL),
	(59, 15, 'Sugar - Fine', 'Phasellus sit amet erat. Nulla tempus. Vivamus in felis eu sapien cursus vestibulum. Proin eu mi. Nulla ac enim. In tempor, turpis nec euismod scelerisque, quam turpis adipiscing lorem, vitae mattis nibh ligula nec sem. Duis aliquam convallis nunc. Proin at turpis a pede posuere nonummy. Integer non velit. Donec diam neque, vestibulum eget, vulputate ut, ultrices vel, augue.', 842.87, '2023-11-05 11:04:09', NULL),
	(60, 30, 'Wine - Ruffino Chianti', 'Proin interdum mauris non ligula pellentesque ultrices. Phasellus id sapien in sapien iaculis congue. Vivamus metus arcu, adipiscing molestie, hendrerit at, vulputate vitae, nisl. Aenean lectus. Pellentesque eget nunc.', 592.80, '2023-11-05 11:04:09', NULL),
	(61, 3, 'Higashimaru Usukuchi Soy', 'Vestibulum ante ipsum primis in faucibus orci luctus et ultrices posuere cubilia Curae; Donec pharetra, magna vestibulum aliquet ultrices, erat tortor sollicitudin mi, sit amet lobortis sapien sapien non mi. Integer ac neque. Duis bibendum.', 35.19, '2023-11-05 11:04:09', NULL),
	(62, 19, 'Cabbage - Red', 'Aliquam erat volutpat. In congue. Etiam justo. Etiam pretium iaculis justo. In hac habitasse platea dictumst. Etiam faucibus cursus urna. Ut tellus. Nulla ut erat id mauris vulputate elementum.', 66.09, '2023-11-05 11:04:09', NULL),
	(63, 9, 'Nut - Pecan, Pieces', 'Proin risus. Praesent lectus. Vestibulum quam sapien, varius ut, blandit non, interdum in, ante. Vestibulum ante ipsum primis in faucibus orci luctus et ultrices posuere cubilia Curae; Duis faucibus accumsan odio.', 10.47, '2023-11-05 11:04:09', NULL),
	(64, 10, 'Wine - Cava Aria Estate Brut', 'Aenean lectus. Pellentesque eget nunc.', 470.62, '2023-11-05 11:04:09', NULL),
	(65, 24, 'Jolt Cola', 'Suspendisse ornare consequat lectus. In est risus, auctor sed, tristique in, tempus sit amet, sem. Fusce consequat. Nulla nisl. Nunc nisl. Duis bibendum, felis sed interdum venenatis, turpis enim blandit mi, in porttitor pede justo eu massa. Donec dapibus. Duis at velit eu est congue elementum. In hac habitasse platea dictumst. Morbi vestibulum, velit id pretium iaculis, diam erat fermentum justo, nec condimentum neque sapien placerat ante.', 862.32, '2023-11-05 11:04:09', NULL),
	(66, 15, 'Mudslide', 'Maecenas leo odio, condimentum id, luctus nec, molestie sed, justo. Pellentesque viverra pede ac diam. Cras pellentesque volutpat dui. Maecenas tristique, est et tempus semper, est quam pharetra magna, ac consequat metus sapien ut nunc. Vestibulum ante ipsum primis in faucibus orci luctus et ultrices posuere cubilia Curae; Mauris viverra diam vitae quam. Suspendisse potenti.', 666.76, '2023-11-05 11:04:09', NULL),
	(67, 4, 'Nut - Walnut, Pieces', 'Suspendisse ornare consequat lectus. In est risus, auctor sed, tristique in, tempus sit amet, sem. Fusce consequat. Nulla nisl. Nunc nisl. Duis bibendum, felis sed interdum venenatis, turpis enim blandit mi, in porttitor pede justo eu massa.', 296.37, '2023-11-05 11:04:09', NULL),
	(68, 3, 'Pasta - Linguini, Dry', 'Morbi non lectus. Aliquam sit amet diam in magna bibendum imperdiet. Nullam orci pede, venenatis non, sodales sed, tincidunt eu, felis. Fusce posuere felis sed lacus. Morbi sem mauris, laoreet ut, rhoncus aliquet, pulvinar sed, nisl. Nunc rhoncus dui vel sem. Sed sagittis. Nam congue, risus semper porta volutpat, quam pede lobortis ligula, sit amet eleifend pede libero quis orci. Nullam molestie nibh in lectus.', 689.26, '2023-11-05 11:04:09', NULL),
	(69, 30, 'Wine - Mondavi Coastal Private', 'In hac habitasse platea dictumst. Maecenas ut massa quis augue luctus tincidunt. Nulla mollis molestie lorem. Quisque ut erat. Curabitur gravida nisi at nibh. In hac habitasse platea dictumst.', 479.34, '2023-11-05 11:04:09', NULL),
	(70, 30, 'Temperature Recording Station', 'Duis consequat dui nec nisi volutpat eleifend.', 996.16, '2023-11-05 11:04:09', NULL),
	(71, 26, 'Bag - Clear 7 Lb', 'Cras in purus eu magna vulputate luctus. Cum sociis natoque penatibus et magnis dis parturient montes, nascetur ridiculus mus. Vivamus vestibulum sagittis sapien. Cum sociis natoque penatibus et magnis dis parturient montes, nascetur ridiculus mus. Etiam vel augue. Vestibulum rutrum rutrum neque. Aenean auctor gravida sem. Praesent id massa id nisl venenatis lacinia. Aenean sit amet justo. Morbi ut odio.', 952.21, '2023-11-05 11:04:09', NULL),
	(72, 22, 'Creme De Banane - Marie', 'Donec semper sapien a libero. Nam dui. Proin leo odio, porttitor id, consequat in, consequat ut, nulla. Sed accumsan felis. Ut at dolor quis odio consequat varius. Integer ac leo. Pellentesque ultrices mattis odio. Donec vitae nisi.', 215.42, '2023-11-05 11:04:09', NULL),
	(73, 23, 'Icecream - Dstk Strw Chseck', 'Nulla justo. Aliquam quis turpis eget elit sodales scelerisque.', 427.31, '2023-11-05 11:04:09', NULL),
	(74, 8, 'Buffalo - Striploin', 'Quisque id justo sit amet sapien dignissim vestibulum. Vestibulum ante ipsum primis in faucibus orci luctus et ultrices posuere cubilia Curae; Nulla dapibus dolor vel est. Donec odio justo, sollicitudin ut, suscipit a, feugiat et, eros. Vestibulum ac est lacinia nisi venenatis tristique. Fusce congue, diam id ornare imperdiet, sapien urna pretium nisl, ut volutpat sapien arcu sed augue. Aliquam erat volutpat. In congue. Etiam justo. Etiam pretium iaculis justo.', 814.52, '2023-11-05 11:04:09', NULL),
	(75, 26, 'Curry Powder', 'Proin leo odio, porttitor id, consequat in, consequat ut, nulla. Sed accumsan felis. Ut at dolor quis odio consequat varius.', 436.79, '2023-11-05 11:04:09', NULL),
	(76, 18, 'Chicken - Thigh, Bone In', 'Nam nulla.', 300.55, '2023-11-05 11:04:09', NULL),
	(77, 22, 'Mayonnaise', 'Donec diam neque, vestibulum eget, vulputate ut, ultrices vel, augue. Vestibulum ante ipsum primis in faucibus orci luctus et ultrices posuere cubilia Curae; Donec pharetra, magna vestibulum aliquet ultrices, erat tortor sollicitudin mi, sit amet lobortis sapien sapien non mi. Integer ac neque.', 155.28, '2023-11-05 11:04:09', NULL),
	(78, 26, 'Cheese Cheddar Processed', 'Donec diam neque, vestibulum eget, vulputate ut, ultrices vel, augue. Vestibulum ante ipsum primis in faucibus orci luctus et ultrices posuere cubilia Curae; Donec pharetra, magna vestibulum aliquet ultrices, erat tortor sollicitudin mi, sit amet lobortis sapien sapien non mi. Integer ac neque. Duis bibendum. Morbi non quam nec dui luctus rutrum. Nulla tellus. In sagittis dui vel nisl.', 617.16, '2023-11-05 11:04:09', NULL),
	(79, 29, 'Chickhen - Chicken Phyllo', 'Proin at turpis a pede posuere nonummy. Integer non velit. Donec diam neque, vestibulum eget, vulputate ut, ultrices vel, augue.', 689.88, '2023-11-05 11:04:09', NULL),
	(80, 8, 'Goulash Seasoning', 'Maecenas ut massa quis augue luctus tincidunt. Nulla mollis molestie lorem. Quisque ut erat. Curabitur gravida nisi at nibh. In hac habitasse platea dictumst. Aliquam augue quam, sollicitudin vitae, consectetuer eget, rutrum at, lorem. Integer tincidunt ante vel ipsum. Praesent blandit lacinia erat. Vestibulum sed magna at nunc commodo placerat. Praesent blandit.', 932.99, '2023-11-05 11:04:09', NULL),
	(81, 28, 'Coffee Decaf Colombian', 'Etiam pretium iaculis justo. In hac habitasse platea dictumst. Etiam faucibus cursus urna. Ut tellus.', 718.19, '2023-11-05 11:04:09', NULL),
	(82, 10, 'Pepper - Black, Ground', 'Nulla justo. Aliquam quis turpis eget elit sodales scelerisque. Mauris sit amet eros. Suspendisse accumsan tortor quis turpis. Sed ante.', 62.55, '2023-11-05 11:04:09', NULL),
	(83, 17, 'Brandy Apricot', 'Nulla nisl. Nunc nisl. Duis bibendum, felis sed interdum venenatis, turpis enim blandit mi, in porttitor pede justo eu massa. Donec dapibus. Duis at velit eu est congue elementum. In hac habitasse platea dictumst. Morbi vestibulum, velit id pretium iaculis, diam erat fermentum justo, nec condimentum neque sapien placerat ante. Nulla justo. Aliquam quis turpis eget elit sodales scelerisque. Mauris sit amet eros.', 724.84, '2023-11-05 11:04:09', NULL),
	(84, 17, 'Soup Knorr Chili With Beans', 'Pellentesque eget nunc. Donec quis orci eget orci vehicula condimentum.', 704.69, '2023-11-05 11:04:09', NULL),
	(85, 5, 'Tart Shells - Sweet, 2', 'Nullam molestie nibh in lectus. Pellentesque at nulla. Suspendisse potenti. Cras in purus eu magna vulputate luctus. Cum sociis natoque penatibus et magnis dis parturient montes, nascetur ridiculus mus. Vivamus vestibulum sagittis sapien. Cum sociis natoque penatibus et magnis dis parturient montes, nascetur ridiculus mus.', 181.25, '2023-11-05 11:04:09', NULL),
	(86, 10, 'Muffin Batt - Choc Chk', 'Fusce congue, diam id ornare imperdiet, sapien urna pretium nisl, ut volutpat sapien arcu sed augue. Aliquam erat volutpat. In congue. Etiam justo. Etiam pretium iaculis justo. In hac habitasse platea dictumst. Etiam faucibus cursus urna. Ut tellus. Nulla ut erat id mauris vulputate elementum. Nullam varius.', 194.76, '2023-11-05 11:04:09', NULL),
	(87, 26, 'Chocolate - Milk', 'Nulla tellus. In sagittis dui vel nisl. Duis ac nibh. Fusce lacus purus, aliquet at, feugiat non, pretium quis, lectus. Suspendisse potenti. In eleifend quam a odio. In hac habitasse platea dictumst. Maecenas ut massa quis augue luctus tincidunt.', 929.40, '2023-11-05 11:04:09', NULL),
	(88, 13, 'Pork - Bacon,back Peameal', 'Sed sagittis. Nam congue, risus semper porta volutpat, quam pede lobortis ligula, sit amet eleifend pede libero quis orci. Nullam molestie nibh in lectus. Pellentesque at nulla.', 895.84, '2023-11-05 11:04:09', NULL),
	(89, 17, 'Oranges', 'Nam congue, risus semper porta volutpat, quam pede lobortis ligula, sit amet eleifend pede libero quis orci. Nullam molestie nibh in lectus.', 729.94, '2023-11-05 11:04:09', NULL),
	(90, 29, 'Beef - Short Ribs', 'Vestibulum sed magna at nunc commodo placerat.', 55.63, '2023-11-05 11:04:09', NULL),
	(91, 7, 'Barramundi', 'Praesent blandit lacinia erat. Vestibulum sed magna at nunc commodo placerat. Praesent blandit. Nam nulla. Integer pede justo, lacinia eget, tincidunt eget, tempus vel, pede.', 123.87, '2023-11-05 11:04:09', NULL),
	(92, 25, 'Chicken - Whole Fryers', 'Maecenas pulvinar lobortis est. Phasellus sit amet erat. Nulla tempus. Vivamus in felis eu sapien cursus vestibulum.', 563.89, '2023-11-05 11:04:09', NULL),
	(93, 28, 'Butter - Salted, Micro', 'Etiam vel augue. Vestibulum rutrum rutrum neque. Aenean auctor gravida sem. Praesent id massa id nisl venenatis lacinia. Aenean sit amet justo. Morbi ut odio.', 328.98, '2023-11-05 11:04:09', NULL),
	(94, 17, 'Bread - Sour Batard', 'Donec ut dolor. Morbi vel lectus in quam fringilla rhoncus.', 933.27, '2023-11-05 11:04:09', NULL),
	(95, 11, 'Danishes - Mini Raspberry', 'Integer aliquet, massa id lobortis convallis, tortor risus dapibus augue, vel accumsan tellus nisi eu orci. Mauris lacinia sapien quis libero. Nullam sit amet turpis elementum ligula vehicula consequat. Morbi a ipsum. Integer a nibh. In quis justo. Maecenas rhoncus aliquam lacus. Morbi quis tortor id nulla ultrices aliquet.', 474.56, '2023-11-05 11:04:09', NULL),
	(96, 13, 'Compound - Pear', 'Cras pellentesque volutpat dui. Maecenas tristique, est et tempus semper, est quam pharetra magna, ac consequat metus sapien ut nunc. Vestibulum ante ipsum primis in faucibus orci luctus et ultrices posuere cubilia Curae; Mauris viverra diam vitae quam. Suspendisse potenti. Nullam porttitor lacus at turpis. Donec posuere metus vitae ipsum. Aliquam non mauris. Morbi non lectus. Aliquam sit amet diam in magna bibendum imperdiet.', 29.43, '2023-11-05 11:04:09', NULL),
	(97, 3, 'Grapes - Red', 'Donec ut mauris eget massa tempor convallis. Nulla neque libero, convallis eget, eleifend luctus, ultricies eu, nibh. Quisque id justo sit amet sapien dignissim vestibulum. Vestibulum ante ipsum primis in faucibus orci luctus et ultrices posuere cubilia Curae; Nulla dapibus dolor vel est. Donec odio justo, sollicitudin ut, suscipit a, feugiat et, eros. Vestibulum ac est lacinia nisi venenatis tristique. Fusce congue, diam id ornare imperdiet, sapien urna pretium nisl, ut volutpat sapien arcu sed augue. Aliquam erat volutpat. In congue. Etiam justo.', 487.69, '2023-11-05 11:04:09', NULL),
	(98, 30, 'Carbonated Water - Lemon Lime', 'Cras pellentesque volutpat dui.', 423.41, '2023-11-05 11:04:09', NULL),
	(99, 14, 'Beer - Camerons Auburn', 'Cras in purus eu magna vulputate luctus. Cum sociis natoque penatibus et magnis dis parturient montes, nascetur ridiculus mus. Vivamus vestibulum sagittis sapien. Cum sociis natoque penatibus et magnis dis parturient montes, nascetur ridiculus mus.', 677.37, '2023-11-05 11:04:09', NULL),
	(100, 6, 'Ham - Proscuitto', 'Cras in purus eu magna vulputate luctus. Cum sociis natoque penatibus et magnis dis parturient montes, nascetur ridiculus mus. Vivamus vestibulum sagittis sapien. Cum sociis natoque penatibus et magnis dis parturient montes, nascetur ridiculus mus.', 577.50, '2023-11-05 11:04:09', NULL),
	(101, 14, 'Chocolate - Unsweetened', 'Donec vitae nisi. Nam ultrices, libero non mattis pulvinar, nulla pede ullamcorper augue, a suscipit nulla elit ac nulla. Sed vel enim sit amet nunc viverra dapibus. Nulla suscipit ligula in lacus.', 561.25, '2023-11-05 11:04:09', NULL),
	(102, 11, 'Lentils - Red, Dry', 'Nulla mollis molestie lorem. Quisque ut erat. Curabitur gravida nisi at nibh. In hac habitasse platea dictumst. Aliquam augue quam, sollicitudin vitae, consectetuer eget, rutrum at, lorem. Integer tincidunt ante vel ipsum. Praesent blandit lacinia erat. Vestibulum sed magna at nunc commodo placerat.', 460.31, '2023-11-05 11:04:09', NULL),
	(103, 3, 'Mace', 'Vestibulum ac est lacinia nisi venenatis tristique. Fusce congue, diam id ornare imperdiet, sapien urna pretium nisl, ut volutpat sapien arcu sed augue. Aliquam erat volutpat. In congue.', 331.08, '2023-11-05 11:04:09', NULL),
	(104, 17, 'Asparagus - White, Fresh', 'Pellentesque viverra pede ac diam. Cras pellentesque volutpat dui. Maecenas tristique, est et tempus semper, est quam pharetra magna, ac consequat metus sapien ut nunc. Vestibulum ante ipsum primis in faucibus orci luctus et ultrices posuere cubilia Curae; Mauris viverra diam vitae quam.', 593.79, '2023-11-05 11:04:09', NULL),
	(105, 16, 'Taro Root', 'Lorem ipsum dolor sit amet, consectetuer adipiscing elit.', 341.96, '2023-11-05 11:04:09', NULL),
	(106, 25, 'Seedlings - Mix, Organic', 'Nulla tempus. Vivamus in felis eu sapien cursus vestibulum. Proin eu mi. Nulla ac enim. In tempor, turpis nec euismod scelerisque, quam turpis adipiscing lorem, vitae mattis nibh ligula nec sem. Duis aliquam convallis nunc. Proin at turpis a pede posuere nonummy.', 490.71, '2023-11-05 11:04:09', NULL),
	(107, 9, 'Graham Cracker Mix', 'Vivamus metus arcu, adipiscing molestie, hendrerit at, vulputate vitae, nisl. Aenean lectus. Pellentesque eget nunc.', 140.43, '2023-11-05 11:04:09', NULL),
	(108, 20, 'Dry Ice', 'Phasellus in felis. Donec semper sapien a libero. Nam dui. Proin leo odio, porttitor id, consequat in, consequat ut, nulla. Sed accumsan felis. Ut at dolor quis odio consequat varius. Integer ac leo. Pellentesque ultrices mattis odio. Donec vitae nisi.', 431.91, '2023-11-05 11:04:09', NULL),
	(109, 6, 'Mushroom - Crimini', 'Sed accumsan felis. Ut at dolor quis odio consequat varius. Integer ac leo. Pellentesque ultrices mattis odio. Donec vitae nisi. Nam ultrices, libero non mattis pulvinar, nulla pede ullamcorper augue, a suscipit nulla elit ac nulla. Sed vel enim sit amet nunc viverra dapibus. Nulla suscipit ligula in lacus. Curabitur at ipsum ac tellus semper interdum.', 582.88, '2023-11-05 11:04:09', NULL),
	(110, 26, 'Trout - Smoked', 'In blandit ultrices enim. Lorem ipsum dolor sit amet, consectetuer adipiscing elit. Proin interdum mauris non ligula pellentesque ultrices. Phasellus id sapien in sapien iaculis congue. Vivamus metus arcu, adipiscing molestie, hendrerit at, vulputate vitae, nisl. Aenean lectus. Pellentesque eget nunc. Donec quis orci eget orci vehicula condimentum.', 589.30, '2023-11-05 11:04:09', NULL),
	(111, 20, 'Pasta - Penne, Rigate, Dry', 'Cum sociis natoque penatibus et magnis dis parturient montes, nascetur ridiculus mus. Etiam vel augue. Vestibulum rutrum rutrum neque. Aenean auctor gravida sem. Praesent id massa id nisl venenatis lacinia. Aenean sit amet justo. Morbi ut odio.', 459.35, '2023-11-05 11:04:09', NULL),
	(112, 9, 'Flour - Masa De Harina Mexican', 'Duis bibendum. Morbi non quam nec dui luctus rutrum. Nulla tellus. In sagittis dui vel nisl. Duis ac nibh. Fusce lacus purus, aliquet at, feugiat non, pretium quis, lectus. Suspendisse potenti. In eleifend quam a odio. In hac habitasse platea dictumst.', 108.20, '2023-11-05 11:04:09', NULL),
	(113, 27, 'Macaroons - Two Bite Choc', 'Integer tincidunt ante vel ipsum.', 590.66, '2023-11-05 11:04:09', NULL),
	(114, 13, 'Bacardi Breezer - Tropical', 'Duis mattis egestas metus. Aenean fermentum. Donec ut mauris eget massa tempor convallis. Nulla neque libero, convallis eget, eleifend luctus, ultricies eu, nibh. Quisque id justo sit amet sapien dignissim vestibulum. Vestibulum ante ipsum primis in faucibus orci luctus et ultrices posuere cubilia Curae; Nulla dapibus dolor vel est. Donec odio justo, sollicitudin ut, suscipit a, feugiat et, eros. Vestibulum ac est lacinia nisi venenatis tristique.', 408.26, '2023-11-05 11:04:09', NULL),
	(115, 1, 'Soup - Campbells - Tomato', 'Quisque ut erat. Curabitur gravida nisi at nibh. In hac habitasse platea dictumst. Aliquam augue quam, sollicitudin vitae, consectetuer eget, rutrum at, lorem. Integer tincidunt ante vel ipsum. Praesent blandit lacinia erat. Vestibulum sed magna at nunc commodo placerat. Praesent blandit. Nam nulla.', 66.62, '2023-11-05 11:04:09', NULL),
	(116, 25, 'Sauce - Marinara', 'Nulla ut erat id mauris vulputate elementum. Nullam varius. Nulla facilisi. Cras non velit nec nisi vulputate nonummy. Maecenas tincidunt lacus at velit. Vivamus vel nulla eget eros elementum pellentesque. Quisque porta volutpat erat. Quisque erat eros, viverra eget, congue eget, semper rutrum, nulla.', 680.00, '2023-11-05 11:04:09', NULL),
	(117, 7, 'Clams - Littleneck, Whole', 'Morbi ut odio. Cras mi pede, malesuada in, imperdiet et, commodo vulputate, justo. In blandit ultrices enim.', 686.24, '2023-11-05 11:04:09', NULL),
	(118, 22, 'Pasta - Shells, Medium, Dry', 'Etiam pretium iaculis justo. In hac habitasse platea dictumst. Etiam faucibus cursus urna. Ut tellus. Nulla ut erat id mauris vulputate elementum. Nullam varius. Nulla facilisi. Cras non velit nec nisi vulputate nonummy. Maecenas tincidunt lacus at velit. Vivamus vel nulla eget eros elementum pellentesque.', 170.22, '2023-11-05 11:04:09', NULL),
	(119, 17, 'Berry Brulee', 'Nulla tempus.', 440.71, '2023-11-05 11:04:09', NULL),
	(120, 13, 'Beer - Guiness', 'Nam dui. Proin leo odio, porttitor id, consequat in, consequat ut, nulla. Sed accumsan felis.', 63.07, '2023-11-05 11:04:09', NULL),
	(121, 11, 'Roe - Lump Fish, Red', 'Quisque erat eros, viverra eget, congue eget, semper rutrum, nulla. Nunc purus. Phasellus in felis.', 627.73, '2023-11-05 11:04:09', NULL),
	(122, 12, 'Mix - Cappucino Cocktail', 'Nulla nisl. Nunc nisl. Duis bibendum, felis sed interdum venenatis, turpis enim blandit mi, in porttitor pede justo eu massa. Donec dapibus. Duis at velit eu est congue elementum. In hac habitasse platea dictumst. Morbi vestibulum, velit id pretium iaculis, diam erat fermentum justo, nec condimentum neque sapien placerat ante.', 121.91, '2023-11-05 11:04:09', NULL),
	(123, 17, 'Chocolate Bar - Smarties', 'Lorem ipsum dolor sit amet, consectetuer adipiscing elit. Proin interdum mauris non ligula pellentesque ultrices. Phasellus id sapien in sapien iaculis congue. Vivamus metus arcu, adipiscing molestie, hendrerit at, vulputate vitae, nisl. Aenean lectus. Pellentesque eget nunc. Donec quis orci eget orci vehicula condimentum. Curabitur in libero ut massa volutpat convallis. Morbi odio odio, elementum eu, interdum eu, tincidunt in, leo. Maecenas pulvinar lobortis est.', 902.92, '2023-11-05 11:04:09', NULL),
	(124, 15, 'Thermometer Digital', 'Nulla ac enim. In tempor, turpis nec euismod scelerisque, quam turpis adipiscing lorem, vitae mattis nibh ligula nec sem. Duis aliquam convallis nunc. Proin at turpis a pede posuere nonummy. Integer non velit. Donec diam neque, vestibulum eget, vulputate ut, ultrices vel, augue. Vestibulum ante ipsum primis in faucibus orci luctus et ultrices posuere cubilia Curae; Donec pharetra, magna vestibulum aliquet ultrices, erat tortor sollicitudin mi, sit amet lobortis sapien sapien non mi. Integer ac neque. Duis bibendum.', 543.12, '2023-11-05 11:04:09', NULL),
	(125, 9, 'Ham - Cooked Italian', 'In est risus, auctor sed, tristique in, tempus sit amet, sem. Fusce consequat. Nulla nisl. Nunc nisl. Duis bibendum, felis sed interdum venenatis, turpis enim blandit mi, in porttitor pede justo eu massa.', 355.32, '2023-11-05 11:04:09', NULL),
	(126, 24, 'Water - Mineral, Natural', 'Integer ac leo. Pellentesque ultrices mattis odio. Donec vitae nisi. Nam ultrices, libero non mattis pulvinar, nulla pede ullamcorper augue, a suscipit nulla elit ac nulla. Sed vel enim sit amet nunc viverra dapibus. Nulla suscipit ligula in lacus. Curabitur at ipsum ac tellus semper interdum. Mauris ullamcorper purus sit amet nulla.', 278.94, '2023-11-05 11:04:09', NULL),
	(127, 17, 'Juice - Orange, 341 Ml', 'Sed vel enim sit amet nunc viverra dapibus. Nulla suscipit ligula in lacus. Curabitur at ipsum ac tellus semper interdum. Mauris ullamcorper purus sit amet nulla. Quisque arcu libero, rutrum ac, lobortis vel, dapibus at, diam.', 670.41, '2023-11-05 11:04:09', NULL),
	(128, 17, 'Quail - Jumbo Boneless', 'Pellentesque at nulla. Suspendisse potenti. Cras in purus eu magna vulputate luctus.', 959.75, '2023-11-05 11:04:09', NULL),
	(129, 11, 'Tart - Raisin And Pecan', 'Quisque porta volutpat erat. Quisque erat eros, viverra eget, congue eget, semper rutrum, nulla. Nunc purus. Phasellus in felis. Donec semper sapien a libero. Nam dui. Proin leo odio, porttitor id, consequat in, consequat ut, nulla. Sed accumsan felis. Ut at dolor quis odio consequat varius. Integer ac leo.', 214.12, '2023-11-05 11:04:09', NULL),
	(130, 21, 'Soup - Knorr, Classic Can. Chili', 'Maecenas rhoncus aliquam lacus. Morbi quis tortor id nulla ultrices aliquet. Maecenas leo odio, condimentum id, luctus nec, molestie sed, justo. Pellentesque viverra pede ac diam. Cras pellentesque volutpat dui. Maecenas tristique, est et tempus semper, est quam pharetra magna, ac consequat metus sapien ut nunc.', 590.16, '2023-11-05 11:04:09', NULL),
	(131, 2, 'Venison - Striploin', 'Phasellus sit amet erat. Nulla tempus. Vivamus in felis eu sapien cursus vestibulum. Proin eu mi. Nulla ac enim. In tempor, turpis nec euismod scelerisque, quam turpis adipiscing lorem, vitae mattis nibh ligula nec sem. Duis aliquam convallis nunc. Proin at turpis a pede posuere nonummy.', 805.37, '2023-11-05 11:04:09', NULL),
	(132, 20, 'Bacardi Breezer - Tropical', 'Suspendisse potenti. In eleifend quam a odio. In hac habitasse platea dictumst. Maecenas ut massa quis augue luctus tincidunt. Nulla mollis molestie lorem. Quisque ut erat. Curabitur gravida nisi at nibh. In hac habitasse platea dictumst. Aliquam augue quam, sollicitudin vitae, consectetuer eget, rutrum at, lorem.', 445.25, '2023-11-05 11:04:09', NULL),
	(133, 25, 'Trueblue - Blueberry 12x473ml', 'Donec semper sapien a libero. Nam dui. Proin leo odio, porttitor id, consequat in, consequat ut, nulla. Sed accumsan felis. Ut at dolor quis odio consequat varius.', 725.31, '2023-11-05 11:04:09', NULL),
	(134, 12, 'Sprouts - Corn', 'Aliquam non mauris. Morbi non lectus.', 226.18, '2023-11-05 11:04:09', NULL),
	(135, 2, 'Beets - Pickled', 'Nulla tellus. In sagittis dui vel nisl. Duis ac nibh. Fusce lacus purus, aliquet at, feugiat non, pretium quis, lectus.', 144.20, '2023-11-05 11:04:09', NULL),
	(136, 2, 'Tomato Paste', 'Integer non velit.', 335.17, '2023-11-05 11:04:09', NULL),
	(137, 15, 'Turnip - White', 'Suspendisse potenti. In eleifend quam a odio. In hac habitasse platea dictumst. Maecenas ut massa quis augue luctus tincidunt.', 836.24, '2023-11-05 11:04:09', NULL),
	(138, 20, 'Oysters - Smoked', 'Duis bibendum. Morbi non quam nec dui luctus rutrum. Nulla tellus. In sagittis dui vel nisl. Duis ac nibh. Fusce lacus purus, aliquet at, feugiat non, pretium quis, lectus. Suspendisse potenti.', 329.61, '2023-11-05 11:04:09', NULL),
	(139, 4, 'Chips Potato Salt Vinegar 43g', 'Duis aliquam convallis nunc.', 264.20, '2023-11-05 11:04:09', NULL),
	(140, 11, 'Shrimp - 31/40', 'Fusce posuere felis sed lacus. Morbi sem mauris, laoreet ut, rhoncus aliquet, pulvinar sed, nisl. Nunc rhoncus dui vel sem. Sed sagittis.', 172.54, '2023-11-05 11:04:09', NULL),
	(141, 29, 'Gherkin - Sour', 'Sed sagittis. Nam congue, risus semper porta volutpat, quam pede lobortis ligula, sit amet eleifend pede libero quis orci. Nullam molestie nibh in lectus. Pellentesque at nulla.', 315.03, '2023-11-05 11:04:09', NULL),
	(142, 10, 'Chicken - Thigh, Bone In', 'Etiam faucibus cursus urna. Ut tellus. Nulla ut erat id mauris vulputate elementum. Nullam varius. Nulla facilisi. Cras non velit nec nisi vulputate nonummy. Maecenas tincidunt lacus at velit. Vivamus vel nulla eget eros elementum pellentesque. Quisque porta volutpat erat.', 72.52, '2023-11-05 11:04:09', NULL),
	(143, 11, 'Chicken Thigh - Bone Out', 'Donec posuere metus vitae ipsum. Aliquam non mauris. Morbi non lectus. Aliquam sit amet diam in magna bibendum imperdiet. Nullam orci pede, venenatis non, sodales sed, tincidunt eu, felis. Fusce posuere felis sed lacus. Morbi sem mauris, laoreet ut, rhoncus aliquet, pulvinar sed, nisl. Nunc rhoncus dui vel sem. Sed sagittis. Nam congue, risus semper porta volutpat, quam pede lobortis ligula, sit amet eleifend pede libero quis orci.', 836.91, '2023-11-05 11:04:09', NULL),
	(144, 21, 'Daikon Radish', 'Aenean sit amet justo. Morbi ut odio.', 77.59, '2023-11-05 11:04:09', NULL),
	(145, 13, 'Mushroom - Portebello', 'Proin interdum mauris non ligula pellentesque ultrices. Phasellus id sapien in sapien iaculis congue. Vivamus metus arcu, adipiscing molestie, hendrerit at, vulputate vitae, nisl. Aenean lectus. Pellentesque eget nunc. Donec quis orci eget orci vehicula condimentum. Curabitur in libero ut massa volutpat convallis.', 224.72, '2023-11-05 11:04:09', NULL),
	(146, 28, 'Ice Cream - Fudge Bars', 'Pellentesque at nulla. Suspendisse potenti. Cras in purus eu magna vulputate luctus. Cum sociis natoque penatibus et magnis dis parturient montes, nascetur ridiculus mus. Vivamus vestibulum sagittis sapien. Cum sociis natoque penatibus et magnis dis parturient montes, nascetur ridiculus mus. Etiam vel augue. Vestibulum rutrum rutrum neque.', 464.51, '2023-11-05 11:04:09', NULL),
	(147, 8, 'Bowl 12 Oz - Showcase 92012', 'Nullam varius. Nulla facilisi. Cras non velit nec nisi vulputate nonummy.', 116.68, '2023-11-05 11:04:09', NULL),
	(148, 1, 'Scampi Tail', 'Vivamus in felis eu sapien cursus vestibulum. Proin eu mi. Nulla ac enim. In tempor, turpis nec euismod scelerisque, quam turpis adipiscing lorem, vitae mattis nibh ligula nec sem. Duis aliquam convallis nunc.', 706.64, '2023-11-05 11:04:09', NULL),
	(149, 18, 'Scallops - In Shell', 'Vivamus metus arcu, adipiscing molestie, hendrerit at, vulputate vitae, nisl. Aenean lectus. Pellentesque eget nunc. Donec quis orci eget orci vehicula condimentum.', 333.67, '2023-11-05 11:04:09', NULL),
	(150, 20, 'Sauce - Caesar Dressing', 'Aliquam sit amet diam in magna bibendum imperdiet. Nullam orci pede, venenatis non, sodales sed, tincidunt eu, felis. Fusce posuere felis sed lacus. Morbi sem mauris, laoreet ut, rhoncus aliquet, pulvinar sed, nisl. Nunc rhoncus dui vel sem. Sed sagittis.', 500.00, '2023-11-05 11:04:09', NULL),
	(151, 5, 'Carbonated Water - White Grape', 'Donec odio justo, sollicitudin ut, suscipit a, feugiat et, eros.', 860.97, '2023-11-05 11:04:09', NULL),
	(152, 16, 'Pepper - Cayenne', 'Mauris enim leo, rhoncus sed, vestibulum sit amet, cursus id, turpis. Integer aliquet, massa id lobortis convallis, tortor risus dapibus augue, vel accumsan tellus nisi eu orci. Mauris lacinia sapien quis libero. Nullam sit amet turpis elementum ligula vehicula consequat. Morbi a ipsum. Integer a nibh. In quis justo. Maecenas rhoncus aliquam lacus.', 333.88, '2023-11-05 11:04:09', NULL),
	(153, 27, 'Muffin Batt - Blueberry Passion', 'Fusce lacus purus, aliquet at, feugiat non, pretium quis, lectus. Suspendisse potenti.', 237.16, '2023-11-05 11:04:09', NULL),
	(154, 14, 'Parasol Pick Stir Stick', 'Nam ultrices, libero non mattis pulvinar, nulla pede ullamcorper augue, a suscipit nulla elit ac nulla. Sed vel enim sit amet nunc viverra dapibus. Nulla suscipit ligula in lacus.', 508.12, '2023-11-05 11:04:09', NULL),
	(155, 16, 'Pate - Cognac', 'Maecenas rhoncus aliquam lacus. Morbi quis tortor id nulla ultrices aliquet. Maecenas leo odio, condimentum id, luctus nec, molestie sed, justo.', 439.06, '2023-11-05 11:04:09', NULL),
	(156, 18, 'Bread - White Epi Baguette', 'Pellentesque at nulla. Suspendisse potenti. Cras in purus eu magna vulputate luctus. Cum sociis natoque penatibus et magnis dis parturient montes, nascetur ridiculus mus. Vivamus vestibulum sagittis sapien. Cum sociis natoque penatibus et magnis dis parturient montes, nascetur ridiculus mus. Etiam vel augue. Vestibulum rutrum rutrum neque. Aenean auctor gravida sem.', 851.77, '2023-11-05 11:04:09', NULL),
	(157, 18, 'Soup - Campbells Chili Veg', 'Vivamus metus arcu, adipiscing molestie, hendrerit at, vulputate vitae, nisl.', 995.28, '2023-11-05 11:04:09', NULL),
	(158, 17, 'Lettuce - Boston Bib - Organic', 'Nunc purus. Phasellus in felis.', 180.62, '2023-11-05 11:04:09', NULL),
	(159, 19, 'Lettuce - Green Leaf', 'Cum sociis natoque penatibus et magnis dis parturient montes, nascetur ridiculus mus. Vivamus vestibulum sagittis sapien. Cum sociis natoque penatibus et magnis dis parturient montes, nascetur ridiculus mus. Etiam vel augue. Vestibulum rutrum rutrum neque. Aenean auctor gravida sem.', 763.70, '2023-11-05 11:04:09', NULL),
	(160, 3, 'Galliano', 'Etiam pretium iaculis justo. In hac habitasse platea dictumst. Etiam faucibus cursus urna. Ut tellus. Nulla ut erat id mauris vulputate elementum. Nullam varius. Nulla facilisi. Cras non velit nec nisi vulputate nonummy. Maecenas tincidunt lacus at velit. Vivamus vel nulla eget eros elementum pellentesque.', 449.25, '2023-11-05 11:04:09', NULL),
	(161, 11, 'Soup - Campbells - Chicken Noodle', 'Pellentesque at nulla. Suspendisse potenti. Cras in purus eu magna vulputate luctus. Cum sociis natoque penatibus et magnis dis parturient montes, nascetur ridiculus mus. Vivamus vestibulum sagittis sapien. Cum sociis natoque penatibus et magnis dis parturient montes, nascetur ridiculus mus.', 213.95, '2023-11-05 11:04:09', NULL),
	(162, 19, 'Wine - White, Pelee Island', 'Maecenas tristique, est et tempus semper, est quam pharetra magna, ac consequat metus sapien ut nunc. Vestibulum ante ipsum primis in faucibus orci luctus et ultrices posuere cubilia Curae; Mauris viverra diam vitae quam. Suspendisse potenti. Nullam porttitor lacus at turpis. Donec posuere metus vitae ipsum. Aliquam non mauris. Morbi non lectus. Aliquam sit amet diam in magna bibendum imperdiet.', 897.12, '2023-11-05 11:04:09', NULL),
	(163, 28, 'Wine - Rhine Riesling Wolf Blass', 'Praesent lectus. Vestibulum quam sapien, varius ut, blandit non, interdum in, ante. Vestibulum ante ipsum primis in faucibus orci luctus et ultrices posuere cubilia Curae; Duis faucibus accumsan odio. Curabitur convallis.', 332.54, '2023-11-05 11:04:09', NULL),
	(164, 6, 'Chocolate Bar - Reese Pieces', 'Vestibulum ac est lacinia nisi venenatis tristique. Fusce congue, diam id ornare imperdiet, sapien urna pretium nisl, ut volutpat sapien arcu sed augue. Aliquam erat volutpat.', 396.19, '2023-11-05 11:04:09', NULL),
	(165, 27, 'Island Oasis - Lemonade', 'In blandit ultrices enim. Lorem ipsum dolor sit amet, consectetuer adipiscing elit. Proin interdum mauris non ligula pellentesque ultrices.', 579.68, '2023-11-05 11:04:09', NULL),
	(166, 20, 'Goat - Leg', 'Nullam porttitor lacus at turpis. Donec posuere metus vitae ipsum. Aliquam non mauris. Morbi non lectus. Aliquam sit amet diam in magna bibendum imperdiet. Nullam orci pede, venenatis non, sodales sed, tincidunt eu, felis. Fusce posuere felis sed lacus. Morbi sem mauris, laoreet ut, rhoncus aliquet, pulvinar sed, nisl. Nunc rhoncus dui vel sem.', 30.31, '2023-11-05 11:04:09', NULL),
	(167, 13, 'Juice - Apple 284ml', 'Nulla mollis molestie lorem. Quisque ut erat. Curabitur gravida nisi at nibh. In hac habitasse platea dictumst. Aliquam augue quam, sollicitudin vitae, consectetuer eget, rutrum at, lorem. Integer tincidunt ante vel ipsum. Praesent blandit lacinia erat. Vestibulum sed magna at nunc commodo placerat. Praesent blandit.', 60.71, '2023-11-05 11:04:09', NULL),
	(168, 13, 'Cookie Chocolate Chip With', 'Cras in purus eu magna vulputate luctus.', 16.25, '2023-11-05 11:04:09', NULL),
	(169, 13, 'Irish Cream - Baileys', 'Integer a nibh. In quis justo.', 103.50, '2023-11-05 11:04:09', NULL),
	(170, 29, 'Tea - Lemon Scented', 'Maecenas pulvinar lobortis est. Phasellus sit amet erat. Nulla tempus. Vivamus in felis eu sapien cursus vestibulum. Proin eu mi. Nulla ac enim. In tempor, turpis nec euismod scelerisque, quam turpis adipiscing lorem, vitae mattis nibh ligula nec sem. Duis aliquam convallis nunc.', 281.47, '2023-11-05 11:04:09', NULL),
	(171, 18, 'Vaccum Bag - 14x20', 'Praesent blandit lacinia erat. Vestibulum sed magna at nunc commodo placerat. Praesent blandit.', 841.63, '2023-11-05 11:04:09', NULL),
	(172, 15, 'Wine - Fontanafredda Barolo', 'Quisque id justo sit amet sapien dignissim vestibulum. Vestibulum ante ipsum primis in faucibus orci luctus et ultrices posuere cubilia Curae; Nulla dapibus dolor vel est. Donec odio justo, sollicitudin ut, suscipit a, feugiat et, eros. Vestibulum ac est lacinia nisi venenatis tristique. Fusce congue, diam id ornare imperdiet, sapien urna pretium nisl, ut volutpat sapien arcu sed augue. Aliquam erat volutpat.', 282.45, '2023-11-05 11:04:09', NULL),
	(173, 16, 'Cheese - Parmigiano Reggiano', 'Integer ac neque. Duis bibendum. Morbi non quam nec dui luctus rutrum. Nulla tellus. In sagittis dui vel nisl. Duis ac nibh. Fusce lacus purus, aliquet at, feugiat non, pretium quis, lectus.', 923.05, '2023-11-05 11:04:09', NULL),
	(174, 5, 'Filo Dough', 'Aliquam sit amet diam in magna bibendum imperdiet. Nullam orci pede, venenatis non, sodales sed, tincidunt eu, felis. Fusce posuere felis sed lacus. Morbi sem mauris, laoreet ut, rhoncus aliquet, pulvinar sed, nisl.', 691.51, '2023-11-05 11:04:09', NULL),
	(175, 27, 'Curry Powder Madras', 'Quisque porta volutpat erat. Quisque erat eros, viverra eget, congue eget, semper rutrum, nulla. Nunc purus. Phasellus in felis. Donec semper sapien a libero. Nam dui. Proin leo odio, porttitor id, consequat in, consequat ut, nulla.', 415.65, '2023-11-05 11:04:09', NULL),
	(176, 15, 'Vacuum Bags 12x16', 'Curabitur in libero ut massa volutpat convallis. Morbi odio odio, elementum eu, interdum eu, tincidunt in, leo. Maecenas pulvinar lobortis est. Phasellus sit amet erat. Nulla tempus. Vivamus in felis eu sapien cursus vestibulum.', 131.37, '2023-11-05 11:04:09', NULL),
	(177, 11, 'Beans - Soya Bean', 'Vestibulum ante ipsum primis in faucibus orci luctus et ultrices posuere cubilia Curae; Mauris viverra diam vitae quam. Suspendisse potenti. Nullam porttitor lacus at turpis.', 105.10, '2023-11-05 11:04:09', NULL),
	(178, 30, 'Lamb - Shoulder', 'Nunc purus.', 695.77, '2023-11-05 11:04:09', NULL),
	(179, 20, 'Snapple - Mango Maddness', 'Nam dui.', 995.52, '2023-11-05 11:04:09', NULL),
	(180, 8, 'Compound - Orange', 'Aenean sit amet justo. Morbi ut odio. Cras mi pede, malesuada in, imperdiet et, commodo vulputate, justo. In blandit ultrices enim. Lorem ipsum dolor sit amet, consectetuer adipiscing elit.', 26.08, '2023-11-05 11:04:09', NULL),
	(181, 5, 'Salmon Steak - Cohoe 6 Oz', 'In sagittis dui vel nisl. Duis ac nibh. Fusce lacus purus, aliquet at, feugiat non, pretium quis, lectus.', 764.36, '2023-11-05 11:04:09', NULL),
	(182, 19, 'Chicken - Whole Roasting', 'Pellentesque at nulla. Suspendisse potenti. Cras in purus eu magna vulputate luctus.', 56.35, '2023-11-05 11:04:09', NULL),
	(183, 21, 'Cake - Mini Potato Pancake', 'Morbi non lectus. Aliquam sit amet diam in magna bibendum imperdiet. Nullam orci pede, venenatis non, sodales sed, tincidunt eu, felis. Fusce posuere felis sed lacus. Morbi sem mauris, laoreet ut, rhoncus aliquet, pulvinar sed, nisl. Nunc rhoncus dui vel sem. Sed sagittis.', 460.55, '2023-11-05 11:04:09', NULL),
	(184, 30, 'Tomatoes Tear Drop', 'Nulla mollis molestie lorem. Quisque ut erat.', 405.06, '2023-11-05 11:04:09', NULL),
	(185, 24, 'Wine - Beringer Founders Estate', 'Integer ac neque. Duis bibendum. Morbi non quam nec dui luctus rutrum. Nulla tellus. In sagittis dui vel nisl. Duis ac nibh. Fusce lacus purus, aliquet at, feugiat non, pretium quis, lectus.', 888.56, '2023-11-05 11:04:09', NULL),
	(186, 26, 'Flour - Fast / Rapid', 'Aenean fermentum. Donec ut mauris eget massa tempor convallis. Nulla neque libero, convallis eget, eleifend luctus, ultricies eu, nibh. Quisque id justo sit amet sapien dignissim vestibulum.', 629.08, '2023-11-05 11:04:09', NULL),
	(187, 2, 'Beer - Sleeman Fine Porter', 'Donec dapibus. Duis at velit eu est congue elementum. In hac habitasse platea dictumst. Morbi vestibulum, velit id pretium iaculis, diam erat fermentum justo, nec condimentum neque sapien placerat ante. Nulla justo. Aliquam quis turpis eget elit sodales scelerisque. Mauris sit amet eros. Suspendisse accumsan tortor quis turpis. Sed ante.', 922.24, '2023-11-05 11:04:09', NULL),
	(188, 9, 'Pastry - Banana Tea Loaf', 'Nullam sit amet turpis elementum ligula vehicula consequat. Morbi a ipsum. Integer a nibh. In quis justo. Maecenas rhoncus aliquam lacus. Morbi quis tortor id nulla ultrices aliquet.', 473.72, '2023-11-05 11:04:09', NULL),
	(189, 13, 'Beef Tenderloin Aaa', 'Morbi sem mauris, laoreet ut, rhoncus aliquet, pulvinar sed, nisl. Nunc rhoncus dui vel sem. Sed sagittis. Nam congue, risus semper porta volutpat, quam pede lobortis ligula, sit amet eleifend pede libero quis orci. Nullam molestie nibh in lectus. Pellentesque at nulla. Suspendisse potenti. Cras in purus eu magna vulputate luctus.', 297.65, '2023-11-05 11:04:09', NULL),
	(190, 6, 'Wine - Ej Gallo Sonoma', 'Phasellus sit amet erat. Nulla tempus. Vivamus in felis eu sapien cursus vestibulum. Proin eu mi. Nulla ac enim. In tempor, turpis nec euismod scelerisque, quam turpis adipiscing lorem, vitae mattis nibh ligula nec sem.', 232.94, '2023-11-05 11:04:09', NULL),
	(191, 27, 'Cheese - Comte', 'Fusce congue, diam id ornare imperdiet, sapien urna pretium nisl, ut volutpat sapien arcu sed augue. Aliquam erat volutpat. In congue. Etiam justo. Etiam pretium iaculis justo. In hac habitasse platea dictumst. Etiam faucibus cursus urna.', 994.20, '2023-11-05 11:04:09', NULL),
	(192, 9, 'Foil - 4oz Custard Cup', 'Suspendisse potenti. Nullam porttitor lacus at turpis. Donec posuere metus vitae ipsum. Aliquam non mauris.', 566.30, '2023-11-05 11:04:09', NULL),
	(193, 20, 'Nut - Pecan, Pieces', 'Aliquam augue quam, sollicitudin vitae, consectetuer eget, rutrum at, lorem. Integer tincidunt ante vel ipsum. Praesent blandit lacinia erat.', 263.07, '2023-11-05 11:04:09', NULL),
	(194, 10, 'Rabbit - Frozen', 'Vestibulum ante ipsum primis in faucibus orci luctus et ultrices posuere cubilia Curae; Duis faucibus accumsan odio. Curabitur convallis.', 967.08, '2023-11-05 11:04:09', NULL),
	(195, 6, 'Chocolate - Milk, Callets', 'Ut tellus. Nulla ut erat id mauris vulputate elementum. Nullam varius. Nulla facilisi.', 809.24, '2023-11-05 11:04:09', NULL),
	(196, 16, 'Hand Towel', 'Vestibulum ac est lacinia nisi venenatis tristique. Fusce congue, diam id ornare imperdiet, sapien urna pretium nisl, ut volutpat sapien arcu sed augue. Aliquam erat volutpat. In congue.', 302.13, '2023-11-05 11:04:09', NULL),
	(197, 23, 'Wakami Seaweed', 'Maecenas rhoncus aliquam lacus. Morbi quis tortor id nulla ultrices aliquet. Maecenas leo odio, condimentum id, luctus nec, molestie sed, justo.', 428.99, '2023-11-05 11:04:09', NULL),
	(198, 10, 'Table Cloth 91x91 Colour', 'In est risus, auctor sed, tristique in, tempus sit amet, sem.', 922.58, '2023-11-05 11:04:09', NULL),
	(199, 14, 'Tofu - Soft', 'Vivamus metus arcu, adipiscing molestie, hendrerit at, vulputate vitae, nisl. Aenean lectus. Pellentesque eget nunc. Donec quis orci eget orci vehicula condimentum. Curabitur in libero ut massa volutpat convallis. Morbi odio odio, elementum eu, interdum eu, tincidunt in, leo. Maecenas pulvinar lobortis est.', 668.71, '2023-11-05 11:04:09', NULL),
	(200, 6, 'Onions - White', 'Aenean lectus. Pellentesque eget nunc. Donec quis orci eget orci vehicula condimentum. Curabitur in libero ut massa volutpat convallis. Morbi odio odio, elementum eu, interdum eu, tincidunt in, leo. Maecenas pulvinar lobortis est. Phasellus sit amet erat. Nulla tempus. Vivamus in felis eu sapien cursus vestibulum.', 571.62, '2023-11-05 11:04:09', NULL),
	(201, 18, 'Beef - Top Sirloin - Aaa', 'Proin eu mi. Nulla ac enim. In tempor, turpis nec euismod scelerisque, quam turpis adipiscing lorem, vitae mattis nibh ligula nec sem. Duis aliquam convallis nunc. Proin at turpis a pede posuere nonummy.', 779.51, '2023-11-05 11:04:09', NULL),
	(202, 12, 'Lamb - Sausage Casings', 'Cum sociis natoque penatibus et magnis dis parturient montes, nascetur ridiculus mus. Etiam vel augue.', 608.60, '2023-11-05 11:04:09', NULL),
	(203, 13, 'Beans - Fava Fresh', 'Morbi porttitor lorem id ligula. Suspendisse ornare consequat lectus. In est risus, auctor sed, tristique in, tempus sit amet, sem. Fusce consequat. Nulla nisl. Nunc nisl.', 509.14, '2023-11-05 11:04:09', NULL),
	(204, 20, 'Lamb - Leg, Diced', 'Vestibulum ante ipsum primis in faucibus orci luctus et ultrices posuere cubilia Curae; Donec pharetra, magna vestibulum aliquet ultrices, erat tortor sollicitudin mi, sit amet lobortis sapien sapien non mi. Integer ac neque. Duis bibendum. Morbi non quam nec dui luctus rutrum. Nulla tellus. In sagittis dui vel nisl. Duis ac nibh.', 814.10, '2023-11-05 11:04:09', NULL),
	(205, 10, 'Hand Towel', 'Praesent blandit. Nam nulla. Integer pede justo, lacinia eget, tincidunt eget, tempus vel, pede. Morbi porttitor lorem id ligula. Suspendisse ornare consequat lectus. In est risus, auctor sed, tristique in, tempus sit amet, sem. Fusce consequat. Nulla nisl. Nunc nisl.', 835.10, '2023-11-05 11:04:09', NULL),
	(206, 20, 'Juice - Pineapple, 341 Ml', 'Aenean lectus. Pellentesque eget nunc. Donec quis orci eget orci vehicula condimentum.', 98.78, '2023-11-05 11:04:09', NULL),
	(207, 27, 'Pepper - Black, Crushed', 'Pellentesque at nulla.', 391.88, '2023-11-05 11:04:09', NULL),
	(208, 4, 'Squash - Acorn', 'Donec dapibus. Duis at velit eu est congue elementum. In hac habitasse platea dictumst. Morbi vestibulum, velit id pretium iaculis, diam erat fermentum justo, nec condimentum neque sapien placerat ante. Nulla justo. Aliquam quis turpis eget elit sodales scelerisque. Mauris sit amet eros.', 587.99, '2023-11-05 11:04:09', NULL),
	(209, 27, 'Beans - Kidney, Canned', 'Aenean fermentum. Donec ut mauris eget massa tempor convallis.', 150.07, '2023-11-05 11:04:09', NULL),
	(210, 18, 'Hersey Shakes', 'Duis at velit eu est congue elementum. In hac habitasse platea dictumst. Morbi vestibulum, velit id pretium iaculis, diam erat fermentum justo, nec condimentum neque sapien placerat ante. Nulla justo. Aliquam quis turpis eget elit sodales scelerisque. Mauris sit amet eros. Suspendisse accumsan tortor quis turpis. Sed ante.', 156.55, '2023-11-05 11:04:09', NULL),
	(211, 30, 'Beef - Tenderlion, Center Cut', 'Integer ac neque. Duis bibendum. Morbi non quam nec dui luctus rutrum. Nulla tellus. In sagittis dui vel nisl. Duis ac nibh. Fusce lacus purus, aliquet at, feugiat non, pretium quis, lectus. Suspendisse potenti. In eleifend quam a odio.', 862.57, '2023-11-05 11:04:09', NULL),
	(212, 8, 'Garlic - Primerba, Paste', 'In hac habitasse platea dictumst. Aliquam augue quam, sollicitudin vitae, consectetuer eget, rutrum at, lorem. Integer tincidunt ante vel ipsum. Praesent blandit lacinia erat. Vestibulum sed magna at nunc commodo placerat. Praesent blandit.', 230.15, '2023-11-05 11:04:09', NULL),
	(213, 19, 'Cheese - Perron Cheddar', 'Sed ante.', 532.82, '2023-11-05 11:04:09', NULL),
	(214, 3, 'Onions - Spanish', 'In tempor, turpis nec euismod scelerisque, quam turpis adipiscing lorem, vitae mattis nibh ligula nec sem. Duis aliquam convallis nunc. Proin at turpis a pede posuere nonummy. Integer non velit. Donec diam neque, vestibulum eget, vulputate ut, ultrices vel, augue. Vestibulum ante ipsum primis in faucibus orci luctus et ultrices posuere cubilia Curae; Donec pharetra, magna vestibulum aliquet ultrices, erat tortor sollicitudin mi, sit amet lobortis sapien sapien non mi. Integer ac neque. Duis bibendum. Morbi non quam nec dui luctus rutrum. Nulla tellus.', 659.79, '2023-11-05 11:04:09', NULL),
	(215, 3, 'Fondant - Icing', 'Fusce lacus purus, aliquet at, feugiat non, pretium quis, lectus. Suspendisse potenti. In eleifend quam a odio. In hac habitasse platea dictumst.', 295.90, '2023-11-05 11:04:09', NULL),
	(216, 15, 'Evaporated Milk - Skim', 'Quisque porta volutpat erat. Quisque erat eros, viverra eget, congue eget, semper rutrum, nulla. Nunc purus. Phasellus in felis. Donec semper sapien a libero. Nam dui.', 564.38, '2023-11-05 11:04:09', NULL),
	(217, 12, 'Bagel - Ched Chs Presliced', 'Nulla facilisi. Cras non velit nec nisi vulputate nonummy.', 246.10, '2023-11-05 11:04:09', NULL),
	(218, 11, 'Wine - Magnotta - Cab Sauv', 'Vestibulum rutrum rutrum neque. Aenean auctor gravida sem. Praesent id massa id nisl venenatis lacinia. Aenean sit amet justo. Morbi ut odio. Cras mi pede, malesuada in, imperdiet et, commodo vulputate, justo. In blandit ultrices enim. Lorem ipsum dolor sit amet, consectetuer adipiscing elit. Proin interdum mauris non ligula pellentesque ultrices. Phasellus id sapien in sapien iaculis congue.', 609.38, '2023-11-05 11:04:09', NULL),
	(219, 8, 'General Purpose Trigger', 'In tempor, turpis nec euismod scelerisque, quam turpis adipiscing lorem, vitae mattis nibh ligula nec sem. Duis aliquam convallis nunc. Proin at turpis a pede posuere nonummy. Integer non velit.', 230.76, '2023-11-05 11:04:09', NULL),
	(220, 15, 'Wine - Red, Gallo, Merlot', 'Morbi sem mauris, laoreet ut, rhoncus aliquet, pulvinar sed, nisl. Nunc rhoncus dui vel sem. Sed sagittis. Nam congue, risus semper porta volutpat, quam pede lobortis ligula, sit amet eleifend pede libero quis orci. Nullam molestie nibh in lectus. Pellentesque at nulla.', 845.40, '2023-11-05 11:04:09', NULL),
	(221, 27, 'Bread - Bistro White', 'Morbi non lectus. Aliquam sit amet diam in magna bibendum imperdiet. Nullam orci pede, venenatis non, sodales sed, tincidunt eu, felis. Fusce posuere felis sed lacus. Morbi sem mauris, laoreet ut, rhoncus aliquet, pulvinar sed, nisl. Nunc rhoncus dui vel sem.', 144.34, '2023-11-05 11:04:09', NULL),
	(222, 29, 'Sambuca - Ramazzotti', 'Cum sociis natoque penatibus et magnis dis parturient montes, nascetur ridiculus mus. Vivamus vestibulum sagittis sapien. Cum sociis natoque penatibus et magnis dis parturient montes, nascetur ridiculus mus. Etiam vel augue. Vestibulum rutrum rutrum neque. Aenean auctor gravida sem. Praesent id massa id nisl venenatis lacinia. Aenean sit amet justo. Morbi ut odio.', 956.86, '2023-11-05 11:04:09', NULL),
	(223, 1, 'Beans - Black Bean, Dry', 'Maecenas rhoncus aliquam lacus.', 414.31, '2023-11-05 11:04:09', NULL),
	(224, 25, 'Turkey - Breast, Smoked', 'Vestibulum rutrum rutrum neque. Aenean auctor gravida sem. Praesent id massa id nisl venenatis lacinia. Aenean sit amet justo. Morbi ut odio.', 936.05, '2023-11-05 11:04:09', NULL),
	(225, 2, 'Cherries - Maraschino,jar', 'Quisque porta volutpat erat. Quisque erat eros, viverra eget, congue eget, semper rutrum, nulla. Nunc purus. Phasellus in felis. Donec semper sapien a libero. Nam dui.', 969.87, '2023-11-05 11:04:09', NULL),
	(226, 15, 'Onions - Red', 'Curabitur in libero ut massa volutpat convallis. Morbi odio odio, elementum eu, interdum eu, tincidunt in, leo. Maecenas pulvinar lobortis est. Phasellus sit amet erat. Nulla tempus. Vivamus in felis eu sapien cursus vestibulum. Proin eu mi. Nulla ac enim. In tempor, turpis nec euismod scelerisque, quam turpis adipiscing lorem, vitae mattis nibh ligula nec sem. Duis aliquam convallis nunc.', 200.88, '2023-11-05 11:04:09', NULL),
	(227, 18, 'Figs', 'Ut tellus. Nulla ut erat id mauris vulputate elementum. Nullam varius. Nulla facilisi.', 486.93, '2023-11-05 11:04:09', NULL),
	(228, 11, 'Tomatoes - Yellow Hot House', 'Pellentesque at nulla. Suspendisse potenti. Cras in purus eu magna vulputate luctus. Cum sociis natoque penatibus et magnis dis parturient montes, nascetur ridiculus mus. Vivamus vestibulum sagittis sapien. Cum sociis natoque penatibus et magnis dis parturient montes, nascetur ridiculus mus. Etiam vel augue. Vestibulum rutrum rutrum neque.', 727.79, '2023-11-05 11:04:09', NULL),
	(229, 19, 'Bread - Bagels, Plain', 'Etiam vel augue. Vestibulum rutrum rutrum neque. Aenean auctor gravida sem. Praesent id massa id nisl venenatis lacinia. Aenean sit amet justo. Morbi ut odio. Cras mi pede, malesuada in, imperdiet et, commodo vulputate, justo. In blandit ultrices enim. Lorem ipsum dolor sit amet, consectetuer adipiscing elit.', 29.81, '2023-11-05 11:04:09', NULL),
	(230, 7, 'Tamarind Paste', 'Vivamus metus arcu, adipiscing molestie, hendrerit at, vulputate vitae, nisl. Aenean lectus. Pellentesque eget nunc. Donec quis orci eget orci vehicula condimentum. Curabitur in libero ut massa volutpat convallis. Morbi odio odio, elementum eu, interdum eu, tincidunt in, leo. Maecenas pulvinar lobortis est. Phasellus sit amet erat. Nulla tempus. Vivamus in felis eu sapien cursus vestibulum.', 327.26, '2023-11-05 11:04:09', NULL),
	(231, 13, 'Cookie Dough - Chocolate Chip', 'Donec diam neque, vestibulum eget, vulputate ut, ultrices vel, augue. Vestibulum ante ipsum primis in faucibus orci luctus et ultrices posuere cubilia Curae; Donec pharetra, magna vestibulum aliquet ultrices, erat tortor sollicitudin mi, sit amet lobortis sapien sapien non mi. Integer ac neque. Duis bibendum. Morbi non quam nec dui luctus rutrum. Nulla tellus. In sagittis dui vel nisl.', 394.34, '2023-11-05 11:04:09', NULL),
	(232, 3, 'Shiro Miso', 'Praesent blandit. Nam nulla. Integer pede justo, lacinia eget, tincidunt eget, tempus vel, pede. Morbi porttitor lorem id ligula. Suspendisse ornare consequat lectus. In est risus, auctor sed, tristique in, tempus sit amet, sem. Fusce consequat. Nulla nisl.', 690.02, '2023-11-05 11:04:09', NULL),
	(233, 13, 'Sauce - Mint', 'Quisque ut erat. Curabitur gravida nisi at nibh. In hac habitasse platea dictumst. Aliquam augue quam, sollicitudin vitae, consectetuer eget, rutrum at, lorem. Integer tincidunt ante vel ipsum. Praesent blandit lacinia erat.', 65.62, '2023-11-05 11:04:09', NULL),
	(234, 20, 'Energy Drink - Redbull 355ml', 'In hac habitasse platea dictumst. Maecenas ut massa quis augue luctus tincidunt. Nulla mollis molestie lorem. Quisque ut erat.', 155.56, '2023-11-05 11:04:09', NULL),
	(235, 25, 'Wine - White, Antinore Orvieto', 'Nulla tellus. In sagittis dui vel nisl. Duis ac nibh. Fusce lacus purus, aliquet at, feugiat non, pretium quis, lectus. Suspendisse potenti.', 265.39, '2023-11-05 11:04:09', NULL),
	(236, 11, 'Capon - Breast, Wing On', 'Morbi sem mauris, laoreet ut, rhoncus aliquet, pulvinar sed, nisl. Nunc rhoncus dui vel sem. Sed sagittis. Nam congue, risus semper porta volutpat, quam pede lobortis ligula, sit amet eleifend pede libero quis orci.', 57.35, '2023-11-05 11:04:09', NULL),
	(237, 17, 'Puree - Pear', 'Vestibulum ante ipsum primis in faucibus orci luctus et ultrices posuere cubilia Curae; Mauris viverra diam vitae quam. Suspendisse potenti. Nullam porttitor lacus at turpis. Donec posuere metus vitae ipsum. Aliquam non mauris. Morbi non lectus.', 417.23, '2023-11-05 11:04:09', NULL),
	(238, 3, 'Bread - English Muffin', 'Vivamus vestibulum sagittis sapien. Cum sociis natoque penatibus et magnis dis parturient montes, nascetur ridiculus mus. Etiam vel augue. Vestibulum rutrum rutrum neque. Aenean auctor gravida sem. Praesent id massa id nisl venenatis lacinia.', 146.17, '2023-11-05 11:04:09', NULL),
	(239, 19, 'Jolt Cola - Red Eye', 'In hac habitasse platea dictumst. Aliquam augue quam, sollicitudin vitae, consectetuer eget, rutrum at, lorem. Integer tincidunt ante vel ipsum. Praesent blandit lacinia erat. Vestibulum sed magna at nunc commodo placerat. Praesent blandit. Nam nulla.', 923.17, '2023-11-05 11:04:09', NULL),
	(240, 12, 'Pie Shells 10', 'Donec ut dolor. Morbi vel lectus in quam fringilla rhoncus. Mauris enim leo, rhoncus sed, vestibulum sit amet, cursus id, turpis. Integer aliquet, massa id lobortis convallis, tortor risus dapibus augue, vel accumsan tellus nisi eu orci. Mauris lacinia sapien quis libero. Nullam sit amet turpis elementum ligula vehicula consequat.', 803.75, '2023-11-05 11:04:09', NULL),
	(241, 22, 'Pepper - Cubanelle', 'Maecenas rhoncus aliquam lacus. Morbi quis tortor id nulla ultrices aliquet. Maecenas leo odio, condimentum id, luctus nec, molestie sed, justo.', 76.26, '2023-11-05 11:04:09', NULL),
	(242, 9, 'Salt - Sea', 'Integer ac neque. Duis bibendum. Morbi non quam nec dui luctus rutrum. Nulla tellus. In sagittis dui vel nisl. Duis ac nibh. Fusce lacus purus, aliquet at, feugiat non, pretium quis, lectus. Suspendisse potenti. In eleifend quam a odio. In hac habitasse platea dictumst.', 175.86, '2023-11-05 11:04:09', NULL),
	(243, 28, 'Beef - Rib Roast, Capless', 'Aliquam non mauris.', 836.55, '2023-11-05 11:04:09', NULL),
	(244, 30, 'Pepsi - 600ml', 'Quisque id justo sit amet sapien dignissim vestibulum. Vestibulum ante ipsum primis in faucibus orci luctus et ultrices posuere cubilia Curae; Nulla dapibus dolor vel est. Donec odio justo, sollicitudin ut, suscipit a, feugiat et, eros. Vestibulum ac est lacinia nisi venenatis tristique. Fusce congue, diam id ornare imperdiet, sapien urna pretium nisl, ut volutpat sapien arcu sed augue.', 519.43, '2023-11-05 11:04:09', NULL),
	(245, 26, 'Pail - 4l White, With Handle', 'Maecenas rhoncus aliquam lacus. Morbi quis tortor id nulla ultrices aliquet. Maecenas leo odio, condimentum id, luctus nec, molestie sed, justo. Pellentesque viverra pede ac diam.', 687.34, '2023-11-05 11:04:09', NULL),
	(246, 14, 'Wine - Segura Viudas Aria Brut', 'Etiam vel augue. Vestibulum rutrum rutrum neque.', 248.09, '2023-11-05 11:04:09', NULL),
	(247, 19, 'Tart Shells - Savory, 3', 'In tempor, turpis nec euismod scelerisque, quam turpis adipiscing lorem, vitae mattis nibh ligula nec sem.', 97.79, '2023-11-05 11:04:09', NULL),
	(248, 8, 'Wine - Sawmill Creek Autumn', 'Morbi non lectus. Aliquam sit amet diam in magna bibendum imperdiet. Nullam orci pede, venenatis non, sodales sed, tincidunt eu, felis. Fusce posuere felis sed lacus. Morbi sem mauris, laoreet ut, rhoncus aliquet, pulvinar sed, nisl. Nunc rhoncus dui vel sem. Sed sagittis. Nam congue, risus semper porta volutpat, quam pede lobortis ligula, sit amet eleifend pede libero quis orci.', 576.94, '2023-11-05 11:04:09', NULL),
	(249, 22, 'V8 Pet', 'Nullam porttitor lacus at turpis. Donec posuere metus vitae ipsum.', 951.99, '2023-11-05 11:04:09', NULL),
	(250, 30, 'Soup Campbells Turkey Veg.', 'Nunc nisl. Duis bibendum, felis sed interdum venenatis, turpis enim blandit mi, in porttitor pede justo eu massa. Donec dapibus. Duis at velit eu est congue elementum.', 116.56, '2023-11-05 11:04:09', NULL),
	(251, 21, 'Juice - Apple, 1.36l', 'Lorem ipsum dolor sit amet, consectetuer adipiscing elit. Proin risus. Praesent lectus. Vestibulum quam sapien, varius ut, blandit non, interdum in, ante. Vestibulum ante ipsum primis in faucibus orci luctus et ultrices posuere cubilia Curae; Duis faucibus accumsan odio. Curabitur convallis. Duis consequat dui nec nisi volutpat eleifend. Donec ut dolor. Morbi vel lectus in quam fringilla rhoncus.', 320.69, '2023-11-05 11:04:09', NULL),
	(252, 30, 'Rum - Spiced, Captain Morgan', 'In eleifend quam a odio. In hac habitasse platea dictumst. Maecenas ut massa quis augue luctus tincidunt. Nulla mollis molestie lorem. Quisque ut erat. Curabitur gravida nisi at nibh.', 286.99, '2023-11-05 11:04:09', NULL),
	(253, 30, 'Bagel - Ched Chs Presliced', 'Vestibulum quam sapien, varius ut, blandit non, interdum in, ante. Vestibulum ante ipsum primis in faucibus orci luctus et ultrices posuere cubilia Curae; Duis faucibus accumsan odio. Curabitur convallis. Duis consequat dui nec nisi volutpat eleifend. Donec ut dolor. Morbi vel lectus in quam fringilla rhoncus. Mauris enim leo, rhoncus sed, vestibulum sit amet, cursus id, turpis. Integer aliquet, massa id lobortis convallis, tortor risus dapibus augue, vel accumsan tellus nisi eu orci. Mauris lacinia sapien quis libero.', 948.81, '2023-11-05 11:04:09', NULL),
	(254, 22, 'Orange Roughy 4/6 Oz', 'Nulla justo. Aliquam quis turpis eget elit sodales scelerisque. Mauris sit amet eros. Suspendisse accumsan tortor quis turpis. Sed ante. Vivamus tortor. Duis mattis egestas metus. Aenean fermentum.', 430.35, '2023-11-05 11:04:09', NULL),
	(255, 13, 'Peach - Fresh', 'Duis mattis egestas metus. Aenean fermentum. Donec ut mauris eget massa tempor convallis. Nulla neque libero, convallis eget, eleifend luctus, ultricies eu, nibh. Quisque id justo sit amet sapien dignissim vestibulum. Vestibulum ante ipsum primis in faucibus orci luctus et ultrices posuere cubilia Curae; Nulla dapibus dolor vel est. Donec odio justo, sollicitudin ut, suscipit a, feugiat et, eros. Vestibulum ac est lacinia nisi venenatis tristique.', 568.85, '2023-11-05 11:04:09', NULL),
	(256, 29, 'Rye Special Old', 'Etiam pretium iaculis justo. In hac habitasse platea dictumst. Etiam faucibus cursus urna. Ut tellus. Nulla ut erat id mauris vulputate elementum.', 292.91, '2023-11-05 11:04:09', NULL),
	(257, 20, 'Wine - Magnotta - Pinot Gris Sr', 'Nulla ut erat id mauris vulputate elementum. Nullam varius.', 837.33, '2023-11-05 11:04:09', NULL),
	(258, 13, 'Bread - Rolls, Rye', 'Integer ac neque. Duis bibendum. Morbi non quam nec dui luctus rutrum. Nulla tellus. In sagittis dui vel nisl. Duis ac nibh. Fusce lacus purus, aliquet at, feugiat non, pretium quis, lectus. Suspendisse potenti. In eleifend quam a odio. In hac habitasse platea dictumst.', 559.64, '2023-11-05 11:04:09', NULL),
	(259, 3, 'Pepper - Pablano', 'Donec dapibus. Duis at velit eu est congue elementum. In hac habitasse platea dictumst. Morbi vestibulum, velit id pretium iaculis, diam erat fermentum justo, nec condimentum neque sapien placerat ante. Nulla justo. Aliquam quis turpis eget elit sodales scelerisque. Mauris sit amet eros. Suspendisse accumsan tortor quis turpis. Sed ante. Vivamus tortor.', 608.62, '2023-11-05 11:04:09', NULL),
	(260, 17, 'Butter Balls Salted', 'Fusce consequat. Nulla nisl. Nunc nisl. Duis bibendum, felis sed interdum venenatis, turpis enim blandit mi, in porttitor pede justo eu massa. Donec dapibus. Duis at velit eu est congue elementum. In hac habitasse platea dictumst. Morbi vestibulum, velit id pretium iaculis, diam erat fermentum justo, nec condimentum neque sapien placerat ante. Nulla justo.', 366.85, '2023-11-05 11:04:09', NULL),
	(261, 6, 'Muskox - French Rack', 'Sed vel enim sit amet nunc viverra dapibus.', 603.01, '2023-11-05 11:04:09', NULL),
	(262, 17, 'Onions - Cooking', 'In quis justo. Maecenas rhoncus aliquam lacus. Morbi quis tortor id nulla ultrices aliquet. Maecenas leo odio, condimentum id, luctus nec, molestie sed, justo. Pellentesque viverra pede ac diam. Cras pellentesque volutpat dui. Maecenas tristique, est et tempus semper, est quam pharetra magna, ac consequat metus sapien ut nunc. Vestibulum ante ipsum primis in faucibus orci luctus et ultrices posuere cubilia Curae; Mauris viverra diam vitae quam.', 379.50, '2023-11-05 11:04:09', NULL),
	(263, 14, 'Sauce - White, Mix', 'Nulla nisl. Nunc nisl. Duis bibendum, felis sed interdum venenatis, turpis enim blandit mi, in porttitor pede justo eu massa. Donec dapibus. Duis at velit eu est congue elementum.', 641.79, '2023-11-05 11:04:09', NULL),
	(264, 18, 'Pasta - Fett Alfredo, Single Serve', 'Suspendisse accumsan tortor quis turpis. Sed ante. Vivamus tortor. Duis mattis egestas metus. Aenean fermentum. Donec ut mauris eget massa tempor convallis. Nulla neque libero, convallis eget, eleifend luctus, ultricies eu, nibh. Quisque id justo sit amet sapien dignissim vestibulum.', 72.90, '2023-11-05 11:04:09', NULL),
	(265, 25, 'Sauce - Fish 25 Ozf Bottle', 'Morbi non lectus. Aliquam sit amet diam in magna bibendum imperdiet.', 222.83, '2023-11-05 11:04:09', NULL),
	(266, 26, 'Chips Potato Swt Chilli Sour', 'Integer ac leo. Pellentesque ultrices mattis odio.', 32.76, '2023-11-05 11:04:09', NULL),
	(267, 27, 'Compound - Raspberry', 'Vestibulum ante ipsum primis in faucibus orci luctus et ultrices posuere cubilia Curae; Duis faucibus accumsan odio. Curabitur convallis.', 172.99, '2023-11-05 11:04:09', NULL),
	(268, 1, 'Bacardi Raspberry', 'Pellentesque viverra pede ac diam. Cras pellentesque volutpat dui. Maecenas tristique, est et tempus semper, est quam pharetra magna, ac consequat metus sapien ut nunc. Vestibulum ante ipsum primis in faucibus orci luctus et ultrices posuere cubilia Curae; Mauris viverra diam vitae quam. Suspendisse potenti.', 622.91, '2023-11-05 11:04:09', NULL),
	(269, 30, 'Soup Campbells Turkey Veg.', 'Sed accumsan felis. Ut at dolor quis odio consequat varius. Integer ac leo. Pellentesque ultrices mattis odio. Donec vitae nisi. Nam ultrices, libero non mattis pulvinar, nulla pede ullamcorper augue, a suscipit nulla elit ac nulla. Sed vel enim sit amet nunc viverra dapibus. Nulla suscipit ligula in lacus.', 616.43, '2023-11-05 11:04:09', NULL),
	(270, 27, 'Green Scrubbie Pad H.duty', 'Maecenas rhoncus aliquam lacus. Morbi quis tortor id nulla ultrices aliquet. Maecenas leo odio, condimentum id, luctus nec, molestie sed, justo. Pellentesque viverra pede ac diam.', 990.80, '2023-11-05 11:04:09', NULL),
	(271, 5, 'Cornflakes', 'Nulla suscipit ligula in lacus. Curabitur at ipsum ac tellus semper interdum. Mauris ullamcorper purus sit amet nulla.', 245.06, '2023-11-05 11:04:09', NULL),
	(272, 16, 'Nestea - Ice Tea, Diet', 'Aliquam sit amet diam in magna bibendum imperdiet. Nullam orci pede, venenatis non, sodales sed, tincidunt eu, felis. Fusce posuere felis sed lacus. Morbi sem mauris, laoreet ut, rhoncus aliquet, pulvinar sed, nisl.', 106.69, '2023-11-05 11:04:09', NULL),
	(273, 10, 'Puree - Blackcurrant', 'Suspendisse potenti. Cras in purus eu magna vulputate luctus. Cum sociis natoque penatibus et magnis dis parturient montes, nascetur ridiculus mus. Vivamus vestibulum sagittis sapien. Cum sociis natoque penatibus et magnis dis parturient montes, nascetur ridiculus mus.', 792.17, '2023-11-05 11:04:09', NULL),
	(274, 4, 'Whmis Spray Bottle Graduated', 'Nulla ut erat id mauris vulputate elementum. Nullam varius. Nulla facilisi. Cras non velit nec nisi vulputate nonummy. Maecenas tincidunt lacus at velit. Vivamus vel nulla eget eros elementum pellentesque. Quisque porta volutpat erat. Quisque erat eros, viverra eget, congue eget, semper rutrum, nulla.', 582.96, '2023-11-05 11:04:09', NULL),
	(275, 22, 'Soup - Verve - Chipotle Chicken', 'Aliquam quis turpis eget elit sodales scelerisque. Mauris sit amet eros. Suspendisse accumsan tortor quis turpis. Sed ante. Vivamus tortor. Duis mattis egestas metus. Aenean fermentum. Donec ut mauris eget massa tempor convallis.', 861.76, '2023-11-05 11:04:09', NULL),
	(276, 1, 'Crab - Claws, Snow 16 - 24', 'In est risus, auctor sed, tristique in, tempus sit amet, sem. Fusce consequat. Nulla nisl. Nunc nisl. Duis bibendum, felis sed interdum venenatis, turpis enim blandit mi, in porttitor pede justo eu massa. Donec dapibus. Duis at velit eu est congue elementum. In hac habitasse platea dictumst. Morbi vestibulum, velit id pretium iaculis, diam erat fermentum justo, nec condimentum neque sapien placerat ante. Nulla justo.', 710.58, '2023-11-05 11:04:09', NULL),
	(277, 6, 'Bar Mix - Lemon', 'Vivamus vestibulum sagittis sapien. Cum sociis natoque penatibus et magnis dis parturient montes, nascetur ridiculus mus. Etiam vel augue. Vestibulum rutrum rutrum neque. Aenean auctor gravida sem. Praesent id massa id nisl venenatis lacinia. Aenean sit amet justo. Morbi ut odio. Cras mi pede, malesuada in, imperdiet et, commodo vulputate, justo.', 314.57, '2023-11-05 11:04:09', NULL),
	(278, 3, 'Mustard - Pommery', 'Fusce consequat. Nulla nisl. Nunc nisl. Duis bibendum, felis sed interdum venenatis, turpis enim blandit mi, in porttitor pede justo eu massa. Donec dapibus. Duis at velit eu est congue elementum. In hac habitasse platea dictumst. Morbi vestibulum, velit id pretium iaculis, diam erat fermentum justo, nec condimentum neque sapien placerat ante. Nulla justo. Aliquam quis turpis eget elit sodales scelerisque.', 572.77, '2023-11-05 11:04:09', NULL),
	(279, 5, 'Yoplait - Strawbrasp Peac', 'Etiam faucibus cursus urna. Ut tellus. Nulla ut erat id mauris vulputate elementum. Nullam varius. Nulla facilisi. Cras non velit nec nisi vulputate nonummy. Maecenas tincidunt lacus at velit.', 838.90, '2023-11-05 11:04:09', NULL),
	(280, 6, 'Gelatine Powder', 'Suspendisse potenti. In eleifend quam a odio. In hac habitasse platea dictumst. Maecenas ut massa quis augue luctus tincidunt. Nulla mollis molestie lorem. Quisque ut erat. Curabitur gravida nisi at nibh. In hac habitasse platea dictumst. Aliquam augue quam, sollicitudin vitae, consectetuer eget, rutrum at, lorem. Integer tincidunt ante vel ipsum.', 530.04, '2023-11-05 11:04:09', NULL),
	(281, 27, 'Sauce - Ranch Dressing', 'Nulla ac enim. In tempor, turpis nec euismod scelerisque, quam turpis adipiscing lorem, vitae mattis nibh ligula nec sem.', 502.25, '2023-11-05 11:04:09', NULL),
	(282, 17, 'Beets - Pickled', 'Duis bibendum, felis sed interdum venenatis, turpis enim blandit mi, in porttitor pede justo eu massa. Donec dapibus.', 466.46, '2023-11-05 11:04:09', NULL),
	(283, 30, 'Macaroons - Two Bite Choc', 'Nullam orci pede, venenatis non, sodales sed, tincidunt eu, felis. Fusce posuere felis sed lacus. Morbi sem mauris, laoreet ut, rhoncus aliquet, pulvinar sed, nisl. Nunc rhoncus dui vel sem. Sed sagittis. Nam congue, risus semper porta volutpat, quam pede lobortis ligula, sit amet eleifend pede libero quis orci. Nullam molestie nibh in lectus. Pellentesque at nulla. Suspendisse potenti.', 644.10, '2023-11-05 11:04:09', NULL),
	(284, 4, 'Ice - Clear, 300 Lb For Carving', 'Curabitur at ipsum ac tellus semper interdum. Mauris ullamcorper purus sit amet nulla. Quisque arcu libero, rutrum ac, lobortis vel, dapibus at, diam. Nam tristique tortor eu pede.', 658.85, '2023-11-05 11:04:09', NULL),
	(285, 16, 'Lobster - Canned Premium', 'Maecenas tristique, est et tempus semper, est quam pharetra magna, ac consequat metus sapien ut nunc. Vestibulum ante ipsum primis in faucibus orci luctus et ultrices posuere cubilia Curae; Mauris viverra diam vitae quam. Suspendisse potenti. Nullam porttitor lacus at turpis. Donec posuere metus vitae ipsum. Aliquam non mauris. Morbi non lectus. Aliquam sit amet diam in magna bibendum imperdiet. Nullam orci pede, venenatis non, sodales sed, tincidunt eu, felis.', 320.82, '2023-11-05 11:04:09', NULL),
	(286, 12, 'Cheese - Brie, Cups 125g', 'Vestibulum sed magna at nunc commodo placerat. Praesent blandit. Nam nulla. Integer pede justo, lacinia eget, tincidunt eget, tempus vel, pede. Morbi porttitor lorem id ligula. Suspendisse ornare consequat lectus.', 639.91, '2023-11-05 11:04:09', NULL),
	(287, 3, 'Broom - Angled', 'Maecenas ut massa quis augue luctus tincidunt. Nulla mollis molestie lorem. Quisque ut erat. Curabitur gravida nisi at nibh. In hac habitasse platea dictumst. Aliquam augue quam, sollicitudin vitae, consectetuer eget, rutrum at, lorem. Integer tincidunt ante vel ipsum.', 680.22, '2023-11-05 11:04:09', NULL),
	(288, 20, 'Arizona - Green Tea', 'Integer ac leo. Pellentesque ultrices mattis odio. Donec vitae nisi. Nam ultrices, libero non mattis pulvinar, nulla pede ullamcorper augue, a suscipit nulla elit ac nulla. Sed vel enim sit amet nunc viverra dapibus. Nulla suscipit ligula in lacus.', 382.09, '2023-11-05 11:04:09', NULL),
	(289, 16, 'Cranberry Foccacia', 'In est risus, auctor sed, tristique in, tempus sit amet, sem. Fusce consequat. Nulla nisl. Nunc nisl. Duis bibendum, felis sed interdum venenatis, turpis enim blandit mi, in porttitor pede justo eu massa.', 292.51, '2023-11-05 11:04:09', NULL),
	(290, 11, 'Chips - Doritos', 'Aenean auctor gravida sem. Praesent id massa id nisl venenatis lacinia. Aenean sit amet justo. Morbi ut odio. Cras mi pede, malesuada in, imperdiet et, commodo vulputate, justo. In blandit ultrices enim.', 896.60, '2023-11-05 11:04:09', NULL),
	(291, 18, 'Cheese - Pont Couvert', 'Morbi non lectus. Aliquam sit amet diam in magna bibendum imperdiet. Nullam orci pede, venenatis non, sodales sed, tincidunt eu, felis. Fusce posuere felis sed lacus. Morbi sem mauris, laoreet ut, rhoncus aliquet, pulvinar sed, nisl. Nunc rhoncus dui vel sem. Sed sagittis. Nam congue, risus semper porta volutpat, quam pede lobortis ligula, sit amet eleifend pede libero quis orci. Nullam molestie nibh in lectus. Pellentesque at nulla.', 982.29, '2023-11-05 11:04:09', NULL),
	(292, 15, 'Island Oasis - Magarita Mix', 'Pellentesque eget nunc. Donec quis orci eget orci vehicula condimentum.', 438.01, '2023-11-05 11:04:09', NULL),
	(293, 3, 'Wine - Marlbourough Sauv Blanc', 'In congue. Etiam justo. Etiam pretium iaculis justo. In hac habitasse platea dictumst. Etiam faucibus cursus urna. Ut tellus. Nulla ut erat id mauris vulputate elementum. Nullam varius. Nulla facilisi. Cras non velit nec nisi vulputate nonummy.', 760.15, '2023-11-05 11:04:09', NULL),
	(294, 4, 'Yogurt - Plain', 'Aliquam erat volutpat.', 987.20, '2023-11-05 11:04:09', NULL),
	(295, 15, 'Sage Ground Wiberg', 'Nulla tellus.', 281.68, '2023-11-05 11:04:09', NULL),
	(296, 14, 'Bread - Italian Sesame Poly', 'Aliquam sit amet diam in magna bibendum imperdiet. Nullam orci pede, venenatis non, sodales sed, tincidunt eu, felis. Fusce posuere felis sed lacus. Morbi sem mauris, laoreet ut, rhoncus aliquet, pulvinar sed, nisl. Nunc rhoncus dui vel sem.', 907.39, '2023-11-05 11:04:09', NULL),
	(297, 22, 'Ginger - Fresh', 'Morbi quis tortor id nulla ultrices aliquet.', 693.67, '2023-11-05 11:04:09', NULL),
	(298, 2, 'Vinegar - Balsamic, White', 'Etiam faucibus cursus urna. Ut tellus. Nulla ut erat id mauris vulputate elementum. Nullam varius. Nulla facilisi.', 564.85, '2023-11-05 11:04:09', NULL),
	(299, 8, 'Muffin Mix - Carrot', 'Vivamus in felis eu sapien cursus vestibulum. Proin eu mi. Nulla ac enim. In tempor, turpis nec euismod scelerisque, quam turpis adipiscing lorem, vitae mattis nibh ligula nec sem. Duis aliquam convallis nunc. Proin at turpis a pede posuere nonummy. Integer non velit.', 991.70, '2023-11-05 11:04:09', NULL),
	(300, 2, 'Soup - Campbells Beef Noodle', 'Ut tellus. Nulla ut erat id mauris vulputate elementum. Nullam varius.', 972.53, '2023-11-05 11:04:09', NULL),
	(301, 29, 'Nut - Hazelnut, Ground, Natural', 'Quisque id justo sit amet sapien dignissim vestibulum. Vestibulum ante ipsum primis in faucibus orci luctus et ultrices posuere cubilia Curae; Nulla dapibus dolor vel est. Donec odio justo, sollicitudin ut, suscipit a, feugiat et, eros. Vestibulum ac est lacinia nisi venenatis tristique.', 139.61, '2023-11-05 11:04:09', NULL),
	(302, 20, 'Onion - Dried', 'Donec quis orci eget orci vehicula condimentum. Curabitur in libero ut massa volutpat convallis. Morbi odio odio, elementum eu, interdum eu, tincidunt in, leo. Maecenas pulvinar lobortis est. Phasellus sit amet erat. Nulla tempus.', 551.66, '2023-11-05 11:04:09', NULL),
	(303, 10, 'Mustard Prepared', 'Phasellus in felis. Donec semper sapien a libero. Nam dui. Proin leo odio, porttitor id, consequat in, consequat ut, nulla.', 202.15, '2023-11-05 11:04:09', NULL),
	(304, 10, 'Milk - Chocolate 250 Ml', 'Ut tellus. Nulla ut erat id mauris vulputate elementum. Nullam varius. Nulla facilisi. Cras non velit nec nisi vulputate nonummy. Maecenas tincidunt lacus at velit. Vivamus vel nulla eget eros elementum pellentesque. Quisque porta volutpat erat. Quisque erat eros, viverra eget, congue eget, semper rutrum, nulla.', 71.35, '2023-11-05 11:04:09', NULL),
	(305, 22, 'Island Oasis - Pina Colada', 'Vestibulum ante ipsum primis in faucibus orci luctus et ultrices posuere cubilia Curae; Nulla dapibus dolor vel est. Donec odio justo, sollicitudin ut, suscipit a, feugiat et, eros. Vestibulum ac est lacinia nisi venenatis tristique. Fusce congue, diam id ornare imperdiet, sapien urna pretium nisl, ut volutpat sapien arcu sed augue. Aliquam erat volutpat. In congue. Etiam justo. Etiam pretium iaculis justo. In hac habitasse platea dictumst. Etiam faucibus cursus urna.', 342.52, '2023-11-05 11:04:09', NULL),
	(306, 16, 'Bread - Pullman, Sliced', 'Etiam faucibus cursus urna. Ut tellus. Nulla ut erat id mauris vulputate elementum. Nullam varius.', 117.98, '2023-11-05 11:04:09', NULL),
	(307, 24, 'Ecolab - Lime - A - Way 4/4 L', 'Mauris lacinia sapien quis libero. Nullam sit amet turpis elementum ligula vehicula consequat. Morbi a ipsum. Integer a nibh. In quis justo. Maecenas rhoncus aliquam lacus.', 189.57, '2023-11-05 11:04:09', NULL),
	(308, 10, 'Miso Paste White', 'Aliquam non mauris. Morbi non lectus. Aliquam sit amet diam in magna bibendum imperdiet. Nullam orci pede, venenatis non, sodales sed, tincidunt eu, felis. Fusce posuere felis sed lacus.', 354.22, '2023-11-05 11:04:09', NULL),
	(309, 7, 'Squash - Acorn', 'Nulla facilisi.', 565.26, '2023-11-05 11:04:09', NULL),
	(310, 21, 'Cucumber - Pickling Ontario', 'Praesent lectus. Vestibulum quam sapien, varius ut, blandit non, interdum in, ante. Vestibulum ante ipsum primis in faucibus orci luctus et ultrices posuere cubilia Curae; Duis faucibus accumsan odio.', 765.48, '2023-11-05 11:04:09', NULL),
	(311, 28, 'Chicken - Leg, Boneless', 'Phasellus in felis.', 418.72, '2023-11-05 11:04:09', NULL),
	(312, 5, 'Lettuce - Iceberg', 'Etiam pretium iaculis justo. In hac habitasse platea dictumst. Etiam faucibus cursus urna. Ut tellus. Nulla ut erat id mauris vulputate elementum. Nullam varius.', 756.82, '2023-11-05 11:04:09', NULL),
	(313, 8, 'Neckerchief Blck', 'Nulla tellus. In sagittis dui vel nisl. Duis ac nibh. Fusce lacus purus, aliquet at, feugiat non, pretium quis, lectus.', 507.55, '2023-11-05 11:04:09', NULL),
	(314, 8, 'Wine - Chianti Classica Docg', 'Vivamus tortor. Duis mattis egestas metus. Aenean fermentum. Donec ut mauris eget massa tempor convallis.', 807.87, '2023-11-05 11:04:09', NULL),
	(315, 21, 'Hersey Shakes', 'Nam congue, risus semper porta volutpat, quam pede lobortis ligula, sit amet eleifend pede libero quis orci. Nullam molestie nibh in lectus. Pellentesque at nulla. Suspendisse potenti. Cras in purus eu magna vulputate luctus. Cum sociis natoque penatibus et magnis dis parturient montes, nascetur ridiculus mus. Vivamus vestibulum sagittis sapien. Cum sociis natoque penatibus et magnis dis parturient montes, nascetur ridiculus mus. Etiam vel augue.', 44.81, '2023-11-05 11:04:09', NULL),
	(316, 16, 'Muffin Hinge - 211n', 'Phasellus in felis.', 103.89, '2023-11-05 11:04:09', NULL),
	(317, 6, 'Pork - Ground', 'Fusce consequat. Nulla nisl. Nunc nisl. Duis bibendum, felis sed interdum venenatis, turpis enim blandit mi, in porttitor pede justo eu massa. Donec dapibus. Duis at velit eu est congue elementum.', 339.44, '2023-11-05 11:04:09', NULL),
	(318, 7, 'Foie Gras', 'Integer ac neque. Duis bibendum. Morbi non quam nec dui luctus rutrum. Nulla tellus. In sagittis dui vel nisl. Duis ac nibh. Fusce lacus purus, aliquet at, feugiat non, pretium quis, lectus. Suspendisse potenti. In eleifend quam a odio.', 403.84, '2023-11-05 11:04:09', NULL),
	(319, 4, 'Sugar - Invert', 'Integer a nibh. In quis justo. Maecenas rhoncus aliquam lacus.', 864.00, '2023-11-05 11:04:09', NULL),
	(320, 18, 'Pasta - Fett Alfredo, Single Serve', 'Suspendisse potenti. Nullam porttitor lacus at turpis. Donec posuere metus vitae ipsum.', 213.19, '2023-11-05 11:04:09', NULL),
	(321, 25, 'Tea - Herbal - 6 Asst', 'Morbi odio odio, elementum eu, interdum eu, tincidunt in, leo. Maecenas pulvinar lobortis est. Phasellus sit amet erat. Nulla tempus. Vivamus in felis eu sapien cursus vestibulum. Proin eu mi. Nulla ac enim.', 816.31, '2023-11-05 11:04:09', NULL),
	(322, 4, 'Chips - Potato Jalapeno', 'Sed vel enim sit amet nunc viverra dapibus. Nulla suscipit ligula in lacus. Curabitur at ipsum ac tellus semper interdum. Mauris ullamcorper purus sit amet nulla.', 336.04, '2023-11-05 11:04:09', NULL),
	(323, 10, 'Ice Cream Bar - Rolo Cone', 'Aenean sit amet justo. Morbi ut odio. Cras mi pede, malesuada in, imperdiet et, commodo vulputate, justo. In blandit ultrices enim. Lorem ipsum dolor sit amet, consectetuer adipiscing elit. Proin interdum mauris non ligula pellentesque ultrices. Phasellus id sapien in sapien iaculis congue. Vivamus metus arcu, adipiscing molestie, hendrerit at, vulputate vitae, nisl. Aenean lectus.', 144.47, '2023-11-05 11:04:09', NULL),
	(324, 2, 'Wine - Dubouef Macon - Villages', 'Vivamus in felis eu sapien cursus vestibulum. Proin eu mi.', 316.72, '2023-11-05 11:04:09', NULL),
	(325, 10, 'Breadfruit', 'In hac habitasse platea dictumst. Etiam faucibus cursus urna. Ut tellus. Nulla ut erat id mauris vulputate elementum.', 656.98, '2023-11-05 11:04:09', NULL),
	(326, 5, 'Cheese - Oka', 'Vestibulum quam sapien, varius ut, blandit non, interdum in, ante. Vestibulum ante ipsum primis in faucibus orci luctus et ultrices posuere cubilia Curae; Duis faucibus accumsan odio. Curabitur convallis. Duis consequat dui nec nisi volutpat eleifend. Donec ut dolor. Morbi vel lectus in quam fringilla rhoncus. Mauris enim leo, rhoncus sed, vestibulum sit amet, cursus id, turpis. Integer aliquet, massa id lobortis convallis, tortor risus dapibus augue, vel accumsan tellus nisi eu orci. Mauris lacinia sapien quis libero.', 357.94, '2023-11-05 11:04:09', NULL),
	(327, 22, 'Carbonated Water - Strawberry', 'Praesent blandit. Nam nulla. Integer pede justo, lacinia eget, tincidunt eget, tempus vel, pede. Morbi porttitor lorem id ligula. Suspendisse ornare consequat lectus. In est risus, auctor sed, tristique in, tempus sit amet, sem. Fusce consequat.', 175.08, '2023-11-05 11:04:09', NULL),
	(328, 2, 'Extract Vanilla Pure', 'In blandit ultrices enim. Lorem ipsum dolor sit amet, consectetuer adipiscing elit. Proin interdum mauris non ligula pellentesque ultrices. Phasellus id sapien in sapien iaculis congue. Vivamus metus arcu, adipiscing molestie, hendrerit at, vulputate vitae, nisl. Aenean lectus.', 588.93, '2023-11-05 11:04:09', NULL),
	(329, 24, 'Trueblue - Blueberry Cranberry', 'Integer pede justo, lacinia eget, tincidunt eget, tempus vel, pede.', 309.72, '2023-11-05 11:04:09', NULL),
	(330, 29, 'Frangelico', 'Suspendisse potenti. Nullam porttitor lacus at turpis. Donec posuere metus vitae ipsum.', 973.98, '2023-11-05 11:04:09', NULL),
	(331, 1, 'Broom - Angled', 'Nulla neque libero, convallis eget, eleifend luctus, ultricies eu, nibh. Quisque id justo sit amet sapien dignissim vestibulum. Vestibulum ante ipsum primis in faucibus orci luctus et ultrices posuere cubilia Curae; Nulla dapibus dolor vel est. Donec odio justo, sollicitudin ut, suscipit a, feugiat et, eros.', 914.95, '2023-11-05 11:04:09', NULL),
	(332, 27, 'Pail For Lid 1537', 'Donec ut dolor. Morbi vel lectus in quam fringilla rhoncus. Mauris enim leo, rhoncus sed, vestibulum sit amet, cursus id, turpis. Integer aliquet, massa id lobortis convallis, tortor risus dapibus augue, vel accumsan tellus nisi eu orci. Mauris lacinia sapien quis libero. Nullam sit amet turpis elementum ligula vehicula consequat. Morbi a ipsum. Integer a nibh.', 677.50, '2023-11-05 11:04:09', NULL),
	(333, 15, 'Egg Patty Fried', 'Etiam vel augue. Vestibulum rutrum rutrum neque. Aenean auctor gravida sem. Praesent id massa id nisl venenatis lacinia.', 597.68, '2023-11-05 11:04:09', NULL),
	(334, 1, 'Nantucket - Kiwi Berry Cktl.', 'Vivamus vel nulla eget eros elementum pellentesque. Quisque porta volutpat erat. Quisque erat eros, viverra eget, congue eget, semper rutrum, nulla. Nunc purus. Phasellus in felis. Donec semper sapien a libero. Nam dui. Proin leo odio, porttitor id, consequat in, consequat ut, nulla.', 102.59, '2023-11-05 11:04:09', NULL),
	(335, 7, 'Butter Balls Salted', 'In congue. Etiam justo. Etiam pretium iaculis justo. In hac habitasse platea dictumst. Etiam faucibus cursus urna. Ut tellus.', 467.20, '2023-11-05 11:04:09', NULL),
	(336, 29, 'Chocolate - Mi - Amere Semi', 'Praesent lectus. Vestibulum quam sapien, varius ut, blandit non, interdum in, ante. Vestibulum ante ipsum primis in faucibus orci luctus et ultrices posuere cubilia Curae; Duis faucibus accumsan odio. Curabitur convallis. Duis consequat dui nec nisi volutpat eleifend. Donec ut dolor.', 29.96, '2023-11-05 11:04:09', NULL),
	(337, 30, 'Bag Stand', 'Donec odio justo, sollicitudin ut, suscipit a, feugiat et, eros. Vestibulum ac est lacinia nisi venenatis tristique. Fusce congue, diam id ornare imperdiet, sapien urna pretium nisl, ut volutpat sapien arcu sed augue. Aliquam erat volutpat. In congue. Etiam justo. Etiam pretium iaculis justo.', 936.85, '2023-11-05 11:04:09', NULL),
	(338, 29, 'Tea - Vanilla Chai', 'Phasellus in felis. Donec semper sapien a libero. Nam dui. Proin leo odio, porttitor id, consequat in, consequat ut, nulla. Sed accumsan felis. Ut at dolor quis odio consequat varius.', 667.66, '2023-11-05 11:04:09', NULL),
	(339, 14, 'Wine - Riesling Alsace Ac 2001', 'Vestibulum rutrum rutrum neque. Aenean auctor gravida sem. Praesent id massa id nisl venenatis lacinia. Aenean sit amet justo. Morbi ut odio. Cras mi pede, malesuada in, imperdiet et, commodo vulputate, justo. In blandit ultrices enim. Lorem ipsum dolor sit amet, consectetuer adipiscing elit.', 53.93, '2023-11-05 11:04:09', NULL),
	(340, 22, 'Foil - Round Foil', 'Praesent blandit. Nam nulla. Integer pede justo, lacinia eget, tincidunt eget, tempus vel, pede. Morbi porttitor lorem id ligula. Suspendisse ornare consequat lectus. In est risus, auctor sed, tristique in, tempus sit amet, sem. Fusce consequat. Nulla nisl. Nunc nisl.', 142.77, '2023-11-05 11:04:09', NULL),
	(341, 1, 'Soup - Chicken And Wild Rice', 'Morbi vel lectus in quam fringilla rhoncus. Mauris enim leo, rhoncus sed, vestibulum sit amet, cursus id, turpis. Integer aliquet, massa id lobortis convallis, tortor risus dapibus augue, vel accumsan tellus nisi eu orci. Mauris lacinia sapien quis libero. Nullam sit amet turpis elementum ligula vehicula consequat.', 308.48, '2023-11-05 11:04:09', NULL),
	(342, 30, 'Kahlua', 'Donec diam neque, vestibulum eget, vulputate ut, ultrices vel, augue. Vestibulum ante ipsum primis in faucibus orci luctus et ultrices posuere cubilia Curae; Donec pharetra, magna vestibulum aliquet ultrices, erat tortor sollicitudin mi, sit amet lobortis sapien sapien non mi.', 596.33, '2023-11-05 11:04:09', NULL),
	(343, 2, 'Mustard - Individual Pkg', 'Suspendisse potenti. Nullam porttitor lacus at turpis. Donec posuere metus vitae ipsum. Aliquam non mauris. Morbi non lectus. Aliquam sit amet diam in magna bibendum imperdiet. Nullam orci pede, venenatis non, sodales sed, tincidunt eu, felis. Fusce posuere felis sed lacus. Morbi sem mauris, laoreet ut, rhoncus aliquet, pulvinar sed, nisl.', 740.95, '2023-11-05 11:04:09', NULL),
	(344, 13, 'Tea - English Breakfast', 'Integer ac leo. Pellentesque ultrices mattis odio.', 419.62, '2023-11-05 11:04:09', NULL),
	(345, 21, 'Wine - Zonnebloem Pinotage', 'Aliquam augue quam, sollicitudin vitae, consectetuer eget, rutrum at, lorem. Integer tincidunt ante vel ipsum. Praesent blandit lacinia erat.', 768.80, '2023-11-05 11:04:09', NULL),
	(346, 17, 'Bacardi Raspberry', 'Fusce lacus purus, aliquet at, feugiat non, pretium quis, lectus. Suspendisse potenti. In eleifend quam a odio. In hac habitasse platea dictumst.', 876.12, '2023-11-05 11:04:09', NULL),
	(347, 1, 'Sprite, Diet - 355ml', 'In tempor, turpis nec euismod scelerisque, quam turpis adipiscing lorem, vitae mattis nibh ligula nec sem. Duis aliquam convallis nunc. Proin at turpis a pede posuere nonummy. Integer non velit. Donec diam neque, vestibulum eget, vulputate ut, ultrices vel, augue. Vestibulum ante ipsum primis in faucibus orci luctus et ultrices posuere cubilia Curae; Donec pharetra, magna vestibulum aliquet ultrices, erat tortor sollicitudin mi, sit amet lobortis sapien sapien non mi.', 507.96, '2023-11-05 11:04:09', NULL),
	(348, 25, 'Steampan - Lid For Half Size', 'Donec posuere metus vitae ipsum. Aliquam non mauris. Morbi non lectus. Aliquam sit amet diam in magna bibendum imperdiet.', 77.03, '2023-11-05 11:04:09', NULL),
	(349, 10, 'Bar Energy Chocchip', 'Phasellus id sapien in sapien iaculis congue. Vivamus metus arcu, adipiscing molestie, hendrerit at, vulputate vitae, nisl. Aenean lectus. Pellentesque eget nunc. Donec quis orci eget orci vehicula condimentum. Curabitur in libero ut massa volutpat convallis. Morbi odio odio, elementum eu, interdum eu, tincidunt in, leo.', 225.56, '2023-11-05 11:04:09', NULL),
	(350, 1, 'Mikes Hard Lemonade', 'In sagittis dui vel nisl. Duis ac nibh. Fusce lacus purus, aliquet at, feugiat non, pretium quis, lectus. Suspendisse potenti. In eleifend quam a odio. In hac habitasse platea dictumst.', 112.33, '2023-11-05 11:04:09', NULL),
	(351, 10, 'Lady Fingers', 'In congue. Etiam justo. Etiam pretium iaculis justo. In hac habitasse platea dictumst. Etiam faucibus cursus urna. Ut tellus. Nulla ut erat id mauris vulputate elementum. Nullam varius. Nulla facilisi.', 625.68, '2023-11-05 11:04:09', NULL),
	(352, 13, 'Cocktail Napkin Blue', 'In est risus, auctor sed, tristique in, tempus sit amet, sem. Fusce consequat. Nulla nisl. Nunc nisl. Duis bibendum, felis sed interdum venenatis, turpis enim blandit mi, in porttitor pede justo eu massa. Donec dapibus. Duis at velit eu est congue elementum.', 922.41, '2023-11-05 11:04:09', NULL),
	(353, 14, 'The Pop Shoppe - Black Cherry', 'Sed accumsan felis. Ut at dolor quis odio consequat varius. Integer ac leo.', 655.32, '2023-11-05 11:04:09', NULL),
	(354, 6, 'Shrimp - 16/20, Iqf, Shell On', 'Maecenas tincidunt lacus at velit. Vivamus vel nulla eget eros elementum pellentesque. Quisque porta volutpat erat. Quisque erat eros, viverra eget, congue eget, semper rutrum, nulla. Nunc purus.', 235.73, '2023-11-05 11:04:09', NULL),
	(355, 4, 'Plasticforkblack', 'Sed ante. Vivamus tortor. Duis mattis egestas metus. Aenean fermentum. Donec ut mauris eget massa tempor convallis. Nulla neque libero, convallis eget, eleifend luctus, ultricies eu, nibh. Quisque id justo sit amet sapien dignissim vestibulum. Vestibulum ante ipsum primis in faucibus orci luctus et ultrices posuere cubilia Curae; Nulla dapibus dolor vel est.', 72.00, '2023-11-05 11:04:09', NULL),
	(356, 19, 'Myers Planters Punch', 'Vestibulum quam sapien, varius ut, blandit non, interdum in, ante. Vestibulum ante ipsum primis in faucibus orci luctus et ultrices posuere cubilia Curae; Duis faucibus accumsan odio. Curabitur convallis. Duis consequat dui nec nisi volutpat eleifend. Donec ut dolor. Morbi vel lectus in quam fringilla rhoncus. Mauris enim leo, rhoncus sed, vestibulum sit amet, cursus id, turpis.', 379.94, '2023-11-05 11:04:09', NULL),
	(357, 26, 'Muffin - Mix - Creme Brule 15l', 'Vivamus vestibulum sagittis sapien. Cum sociis natoque penatibus et magnis dis parturient montes, nascetur ridiculus mus. Etiam vel augue. Vestibulum rutrum rutrum neque. Aenean auctor gravida sem. Praesent id massa id nisl venenatis lacinia. Aenean sit amet justo. Morbi ut odio. Cras mi pede, malesuada in, imperdiet et, commodo vulputate, justo. In blandit ultrices enim.', 485.83, '2023-11-05 11:04:09', NULL),
	(358, 6, 'Wine - Savigny - Les - Beaune', 'Cum sociis natoque penatibus et magnis dis parturient montes, nascetur ridiculus mus. Vivamus vestibulum sagittis sapien. Cum sociis natoque penatibus et magnis dis parturient montes, nascetur ridiculus mus. Etiam vel augue.', 614.02, '2023-11-05 11:04:09', NULL),
	(359, 11, 'Chips - Doritos', 'Donec quis orci eget orci vehicula condimentum. Curabitur in libero ut massa volutpat convallis. Morbi odio odio, elementum eu, interdum eu, tincidunt in, leo. Maecenas pulvinar lobortis est. Phasellus sit amet erat.', 322.19, '2023-11-05 11:04:09', NULL),
	(360, 16, 'Sugar - White Packet', 'Pellentesque at nulla. Suspendisse potenti. Cras in purus eu magna vulputate luctus. Cum sociis natoque penatibus et magnis dis parturient montes, nascetur ridiculus mus. Vivamus vestibulum sagittis sapien. Cum sociis natoque penatibus et magnis dis parturient montes, nascetur ridiculus mus. Etiam vel augue. Vestibulum rutrum rutrum neque.', 610.22, '2023-11-05 11:04:09', NULL),
	(361, 22, 'Instant Coffee', 'Vivamus tortor. Duis mattis egestas metus. Aenean fermentum. Donec ut mauris eget massa tempor convallis.', 157.98, '2023-11-05 11:04:09', NULL),
	(362, 4, 'Beef - Ground Medium', 'Morbi porttitor lorem id ligula. Suspendisse ornare consequat lectus. In est risus, auctor sed, tristique in, tempus sit amet, sem. Fusce consequat. Nulla nisl. Nunc nisl. Duis bibendum, felis sed interdum venenatis, turpis enim blandit mi, in porttitor pede justo eu massa. Donec dapibus. Duis at velit eu est congue elementum. In hac habitasse platea dictumst.', 363.70, '2023-11-05 11:04:09', NULL),
	(363, 22, 'Pate - Peppercorn', 'Curabitur in libero ut massa volutpat convallis.', 298.15, '2023-11-05 11:04:09', NULL),
	(364, 25, 'Muffin Hinge - 211n', 'Cum sociis natoque penatibus et magnis dis parturient montes, nascetur ridiculus mus. Etiam vel augue. Vestibulum rutrum rutrum neque. Aenean auctor gravida sem. Praesent id massa id nisl venenatis lacinia. Aenean sit amet justo.', 185.98, '2023-11-05 11:04:09', NULL),
	(365, 8, 'Yeast Dry - Fleischman', 'Mauris enim leo, rhoncus sed, vestibulum sit amet, cursus id, turpis. Integer aliquet, massa id lobortis convallis, tortor risus dapibus augue, vel accumsan tellus nisi eu orci. Mauris lacinia sapien quis libero.', 663.98, '2023-11-05 11:04:09', NULL),
	(366, 8, 'Vinegar - Raspberry', 'Donec dapibus. Duis at velit eu est congue elementum. In hac habitasse platea dictumst.', 763.16, '2023-11-05 11:04:09', NULL),
	(367, 15, 'Crab - Imitation Flakes', 'Proin interdum mauris non ligula pellentesque ultrices. Phasellus id sapien in sapien iaculis congue. Vivamus metus arcu, adipiscing molestie, hendrerit at, vulputate vitae, nisl. Aenean lectus. Pellentesque eget nunc. Donec quis orci eget orci vehicula condimentum. Curabitur in libero ut massa volutpat convallis. Morbi odio odio, elementum eu, interdum eu, tincidunt in, leo. Maecenas pulvinar lobortis est. Phasellus sit amet erat.', 431.86, '2023-11-05 11:04:09', NULL),
	(368, 10, 'Pork - Belly Fresh', 'Nullam orci pede, venenatis non, sodales sed, tincidunt eu, felis. Fusce posuere felis sed lacus. Morbi sem mauris, laoreet ut, rhoncus aliquet, pulvinar sed, nisl. Nunc rhoncus dui vel sem.', 86.01, '2023-11-05 11:04:09', NULL),
	(369, 5, 'Liquid Aminios Acid - Braggs', 'Morbi non lectus. Aliquam sit amet diam in magna bibendum imperdiet. Nullam orci pede, venenatis non, sodales sed, tincidunt eu, felis.', 62.73, '2023-11-05 11:04:09', NULL),
	(370, 24, 'Wine - Red, Colio Cabernet', 'In sagittis dui vel nisl. Duis ac nibh.', 683.67, '2023-11-05 11:04:09', NULL),
	(371, 21, 'Pork - Smoked Kassler', 'Lorem ipsum dolor sit amet, consectetuer adipiscing elit. Proin risus. Praesent lectus. Vestibulum quam sapien, varius ut, blandit non, interdum in, ante. Vestibulum ante ipsum primis in faucibus orci luctus et ultrices posuere cubilia Curae; Duis faucibus accumsan odio. Curabitur convallis. Duis consequat dui nec nisi volutpat eleifend. Donec ut dolor. Morbi vel lectus in quam fringilla rhoncus.', 427.60, '2023-11-05 11:04:09', NULL),
	(372, 30, 'Vermouth - White, Cinzano', 'Aliquam non mauris. Morbi non lectus. Aliquam sit amet diam in magna bibendum imperdiet. Nullam orci pede, venenatis non, sodales sed, tincidunt eu, felis. Fusce posuere felis sed lacus. Morbi sem mauris, laoreet ut, rhoncus aliquet, pulvinar sed, nisl. Nunc rhoncus dui vel sem. Sed sagittis. Nam congue, risus semper porta volutpat, quam pede lobortis ligula, sit amet eleifend pede libero quis orci. Nullam molestie nibh in lectus.', 697.85, '2023-11-05 11:04:09', NULL),
	(373, 8, 'Yogurt - Assorted Pack', 'Vestibulum rutrum rutrum neque. Aenean auctor gravida sem. Praesent id massa id nisl venenatis lacinia. Aenean sit amet justo. Morbi ut odio. Cras mi pede, malesuada in, imperdiet et, commodo vulputate, justo. In blandit ultrices enim. Lorem ipsum dolor sit amet, consectetuer adipiscing elit. Proin interdum mauris non ligula pellentesque ultrices.', 277.96, '2023-11-05 11:04:09', NULL),
	(374, 3, 'Ice Cream Bar - Rolo Cone', 'Fusce lacus purus, aliquet at, feugiat non, pretium quis, lectus. Suspendisse potenti. In eleifend quam a odio. In hac habitasse platea dictumst. Maecenas ut massa quis augue luctus tincidunt.', 508.17, '2023-11-05 11:04:09', NULL),
	(375, 5, 'Seaweed Green Sheets', 'Vivamus vel nulla eget eros elementum pellentesque. Quisque porta volutpat erat. Quisque erat eros, viverra eget, congue eget, semper rutrum, nulla. Nunc purus. Phasellus in felis. Donec semper sapien a libero. Nam dui. Proin leo odio, porttitor id, consequat in, consequat ut, nulla. Sed accumsan felis. Ut at dolor quis odio consequat varius.', 827.80, '2023-11-05 11:04:09', NULL),
	(376, 18, 'Carbonated Water - Strawberry', 'Praesent blandit.', 217.69, '2023-11-05 11:04:09', NULL),
	(377, 21, 'Wine - Rosso Toscano Igt', 'Maecenas tristique, est et tempus semper, est quam pharetra magna, ac consequat metus sapien ut nunc. Vestibulum ante ipsum primis in faucibus orci luctus et ultrices posuere cubilia Curae; Mauris viverra diam vitae quam. Suspendisse potenti. Nullam porttitor lacus at turpis. Donec posuere metus vitae ipsum. Aliquam non mauris. Morbi non lectus. Aliquam sit amet diam in magna bibendum imperdiet. Nullam orci pede, venenatis non, sodales sed, tincidunt eu, felis. Fusce posuere felis sed lacus.', 281.89, '2023-11-05 11:04:09', NULL),
	(378, 9, 'Mushroom - Morel Frozen', 'Duis aliquam convallis nunc. Proin at turpis a pede posuere nonummy.', 243.48, '2023-11-05 11:04:09', NULL),
	(379, 7, 'Squash - Acorn', 'Proin at turpis a pede posuere nonummy. Integer non velit. Donec diam neque, vestibulum eget, vulputate ut, ultrices vel, augue. Vestibulum ante ipsum primis in faucibus orci luctus et ultrices posuere cubilia Curae; Donec pharetra, magna vestibulum aliquet ultrices, erat tortor sollicitudin mi, sit amet lobortis sapien sapien non mi. Integer ac neque. Duis bibendum. Morbi non quam nec dui luctus rutrum. Nulla tellus.', 986.62, '2023-11-05 11:04:09', NULL),
	(380, 14, 'Mortadella', 'Quisque erat eros, viverra eget, congue eget, semper rutrum, nulla. Nunc purus.', 367.88, '2023-11-05 11:04:09', NULL),
	(381, 12, 'Salmon - Atlantic, No Skin', 'Vestibulum sed magna at nunc commodo placerat. Praesent blandit. Nam nulla. Integer pede justo, lacinia eget, tincidunt eget, tempus vel, pede. Morbi porttitor lorem id ligula. Suspendisse ornare consequat lectus. In est risus, auctor sed, tristique in, tempus sit amet, sem. Fusce consequat. Nulla nisl.', 113.92, '2023-11-05 11:04:09', NULL),
	(382, 17, 'Octopus', 'Nulla neque libero, convallis eget, eleifend luctus, ultricies eu, nibh.', 301.26, '2023-11-05 11:04:09', NULL),
	(383, 16, 'Tea - Herbal - 6 Asst', 'Nullam porttitor lacus at turpis. Donec posuere metus vitae ipsum. Aliquam non mauris. Morbi non lectus. Aliquam sit amet diam in magna bibendum imperdiet. Nullam orci pede, venenatis non, sodales sed, tincidunt eu, felis. Fusce posuere felis sed lacus.', 902.10, '2023-11-05 11:04:09', NULL),
	(384, 15, 'Pasta - Lasagne, Fresh', 'Curabitur convallis. Duis consequat dui nec nisi volutpat eleifend. Donec ut dolor. Morbi vel lectus in quam fringilla rhoncus. Mauris enim leo, rhoncus sed, vestibulum sit amet, cursus id, turpis.', 184.93, '2023-11-05 11:04:09', NULL),
	(385, 8, 'Tuna - Fresh', 'Vestibulum ante ipsum primis in faucibus orci luctus et ultrices posuere cubilia Curae; Nulla dapibus dolor vel est. Donec odio justo, sollicitudin ut, suscipit a, feugiat et, eros.', 150.53, '2023-11-05 11:04:09', NULL),
	(386, 22, 'Ocean Spray - Ruby Red', 'Aliquam erat volutpat. In congue. Etiam justo. Etiam pretium iaculis justo. In hac habitasse platea dictumst. Etiam faucibus cursus urna.', 705.00, '2023-11-05 11:04:09', NULL),
	(387, 19, 'Fish - Soup Base, Bouillon', 'Vivamus in felis eu sapien cursus vestibulum. Proin eu mi. Nulla ac enim. In tempor, turpis nec euismod scelerisque, quam turpis adipiscing lorem, vitae mattis nibh ligula nec sem. Duis aliquam convallis nunc. Proin at turpis a pede posuere nonummy. Integer non velit. Donec diam neque, vestibulum eget, vulputate ut, ultrices vel, augue. Vestibulum ante ipsum primis in faucibus orci luctus et ultrices posuere cubilia Curae; Donec pharetra, magna vestibulum aliquet ultrices, erat tortor sollicitudin mi, sit amet lobortis sapien sapien non mi.', 467.91, '2023-11-05 11:04:09', NULL),
	(388, 8, 'Sauce - Balsamic Viniagrette', 'Curabitur at ipsum ac tellus semper interdum. Mauris ullamcorper purus sit amet nulla.', 395.63, '2023-11-05 11:04:09', NULL),
	(389, 23, 'Venison - Ground', 'Etiam faucibus cursus urna. Ut tellus. Nulla ut erat id mauris vulputate elementum. Nullam varius. Nulla facilisi. Cras non velit nec nisi vulputate nonummy. Maecenas tincidunt lacus at velit. Vivamus vel nulla eget eros elementum pellentesque. Quisque porta volutpat erat. Quisque erat eros, viverra eget, congue eget, semper rutrum, nulla.', 366.90, '2023-11-05 11:04:09', NULL),
	(390, 27, 'Yogurt - Raspberry, 175 Gr', 'Vivamus vel nulla eget eros elementum pellentesque. Quisque porta volutpat erat. Quisque erat eros, viverra eget, congue eget, semper rutrum, nulla. Nunc purus. Phasellus in felis. Donec semper sapien a libero. Nam dui. Proin leo odio, porttitor id, consequat in, consequat ut, nulla.', 381.42, '2023-11-05 11:04:09', NULL),
	(391, 29, 'Pepper - Cubanelle', 'Nulla mollis molestie lorem. Quisque ut erat. Curabitur gravida nisi at nibh.', 815.81, '2023-11-05 11:04:09', NULL),
	(392, 28, 'Nantucket - Kiwi Berry Cktl.', 'Duis ac nibh. Fusce lacus purus, aliquet at, feugiat non, pretium quis, lectus. Suspendisse potenti. In eleifend quam a odio. In hac habitasse platea dictumst. Maecenas ut massa quis augue luctus tincidunt.', 638.92, '2023-11-05 11:04:09', NULL),
	(393, 30, 'Shrimp - 16/20, Peeled Deviened', 'Maecenas ut massa quis augue luctus tincidunt. Nulla mollis molestie lorem. Quisque ut erat. Curabitur gravida nisi at nibh.', 691.48, '2023-11-05 11:04:09', NULL),
	(394, 11, 'Ecolab - Power Fusion', 'In blandit ultrices enim. Lorem ipsum dolor sit amet, consectetuer adipiscing elit.', 821.48, '2023-11-05 11:04:09', NULL),
	(395, 4, 'Syrup - Monin, Swiss Choclate', 'Vestibulum quam sapien, varius ut, blandit non, interdum in, ante. Vestibulum ante ipsum primis in faucibus orci luctus et ultrices posuere cubilia Curae; Duis faucibus accumsan odio. Curabitur convallis. Duis consequat dui nec nisi volutpat eleifend.', 239.04, '2023-11-05 11:04:09', NULL),
	(396, 28, 'Pepper - Green Thai', 'Nam dui. Proin leo odio, porttitor id, consequat in, consequat ut, nulla.', 129.25, '2023-11-05 11:04:09', NULL),
	(397, 7, 'Hold Up Tool Storage Rack', 'Nullam orci pede, venenatis non, sodales sed, tincidunt eu, felis. Fusce posuere felis sed lacus. Morbi sem mauris, laoreet ut, rhoncus aliquet, pulvinar sed, nisl.', 946.95, '2023-11-05 11:04:09', NULL),
	(398, 8, 'Onions - Cippolini', 'Integer ac leo. Pellentesque ultrices mattis odio. Donec vitae nisi.', 165.88, '2023-11-05 11:04:09', NULL),
	(399, 25, 'Kohlrabi', 'Quisque ut erat. Curabitur gravida nisi at nibh. In hac habitasse platea dictumst. Aliquam augue quam, sollicitudin vitae, consectetuer eget, rutrum at, lorem. Integer tincidunt ante vel ipsum. Praesent blandit lacinia erat. Vestibulum sed magna at nunc commodo placerat.', 888.34, '2023-11-05 11:04:09', NULL),
	(400, 5, 'Sausage - Blood Pudding', 'Sed accumsan felis. Ut at dolor quis odio consequat varius. Integer ac leo. Pellentesque ultrices mattis odio. Donec vitae nisi. Nam ultrices, libero non mattis pulvinar, nulla pede ullamcorper augue, a suscipit nulla elit ac nulla. Sed vel enim sit amet nunc viverra dapibus. Nulla suscipit ligula in lacus.', 818.76, '2023-11-05 11:04:09', NULL),
	(401, 4, 'Pastry - French Mini Assorted', 'In hac habitasse platea dictumst. Aliquam augue quam, sollicitudin vitae, consectetuer eget, rutrum at, lorem. Integer tincidunt ante vel ipsum.', 231.11, '2023-11-05 11:04:09', NULL),
	(402, 14, 'Towel Dispenser', 'Curabitur gravida nisi at nibh. In hac habitasse platea dictumst. Aliquam augue quam, sollicitudin vitae, consectetuer eget, rutrum at, lorem.', 652.25, '2023-11-05 11:04:09', NULL),
	(403, 12, 'Corn - Mini', 'Pellentesque at nulla. Suspendisse potenti. Cras in purus eu magna vulputate luctus. Cum sociis natoque penatibus et magnis dis parturient montes, nascetur ridiculus mus. Vivamus vestibulum sagittis sapien. Cum sociis natoque penatibus et magnis dis parturient montes, nascetur ridiculus mus. Etiam vel augue. Vestibulum rutrum rutrum neque.', 858.81, '2023-11-05 11:04:09', NULL),
	(404, 3, 'Chinese Foods - Chicken', 'Morbi non quam nec dui luctus rutrum. Nulla tellus. In sagittis dui vel nisl. Duis ac nibh.', 254.05, '2023-11-05 11:04:09', NULL),
	(405, 14, 'Basil - Dry, Rubbed', 'Suspendisse potenti. Cras in purus eu magna vulputate luctus. Cum sociis natoque penatibus et magnis dis parturient montes, nascetur ridiculus mus. Vivamus vestibulum sagittis sapien. Cum sociis natoque penatibus et magnis dis parturient montes, nascetur ridiculus mus. Etiam vel augue. Vestibulum rutrum rutrum neque. Aenean auctor gravida sem.', 372.84, '2023-11-05 11:04:09', NULL),
	(406, 18, 'Cheese - Brie,danish', 'Suspendisse potenti. Cras in purus eu magna vulputate luctus. Cum sociis natoque penatibus et magnis dis parturient montes, nascetur ridiculus mus. Vivamus vestibulum sagittis sapien. Cum sociis natoque penatibus et magnis dis parturient montes, nascetur ridiculus mus.', 49.94, '2023-11-05 11:04:09', NULL),
	(407, 24, 'Yogurt - Raspberry, 175 Gr', 'Suspendisse potenti. Cras in purus eu magna vulputate luctus. Cum sociis natoque penatibus et magnis dis parturient montes, nascetur ridiculus mus. Vivamus vestibulum sagittis sapien. Cum sociis natoque penatibus et magnis dis parturient montes, nascetur ridiculus mus. Etiam vel augue. Vestibulum rutrum rutrum neque.', 332.48, '2023-11-05 11:04:09', NULL),
	(408, 30, 'Juice - Mango', 'Vestibulum sed magna at nunc commodo placerat. Praesent blandit. Nam nulla. Integer pede justo, lacinia eget, tincidunt eget, tempus vel, pede. Morbi porttitor lorem id ligula. Suspendisse ornare consequat lectus.', 829.83, '2023-11-05 11:04:09', NULL),
	(409, 30, 'Dikon', 'Nulla justo. Aliquam quis turpis eget elit sodales scelerisque. Mauris sit amet eros. Suspendisse accumsan tortor quis turpis.', 529.28, '2023-11-05 11:04:09', NULL),
	(410, 6, 'Pectin', 'Vestibulum ac est lacinia nisi venenatis tristique. Fusce congue, diam id ornare imperdiet, sapien urna pretium nisl, ut volutpat sapien arcu sed augue. Aliquam erat volutpat. In congue.', 713.28, '2023-11-05 11:04:09', NULL),
	(411, 20, 'Shrimp - 100 / 200 Cold Water', 'Ut tellus. Nulla ut erat id mauris vulputate elementum. Nullam varius. Nulla facilisi. Cras non velit nec nisi vulputate nonummy. Maecenas tincidunt lacus at velit. Vivamus vel nulla eget eros elementum pellentesque.', 499.65, '2023-11-05 11:04:09', NULL),
	(412, 3, 'Jagermeister', 'Quisque id justo sit amet sapien dignissim vestibulum. Vestibulum ante ipsum primis in faucibus orci luctus et ultrices posuere cubilia Curae; Nulla dapibus dolor vel est. Donec odio justo, sollicitudin ut, suscipit a, feugiat et, eros. Vestibulum ac est lacinia nisi venenatis tristique. Fusce congue, diam id ornare imperdiet, sapien urna pretium nisl, ut volutpat sapien arcu sed augue. Aliquam erat volutpat. In congue. Etiam justo.', 747.96, '2023-11-05 11:04:09', NULL),
	(413, 11, 'Ham - Proscuitto', 'Nunc rhoncus dui vel sem. Sed sagittis. Nam congue, risus semper porta volutpat, quam pede lobortis ligula, sit amet eleifend pede libero quis orci. Nullam molestie nibh in lectus.', 752.80, '2023-11-05 11:04:09', NULL),
	(414, 9, 'Fond - Neutral', 'In tempor, turpis nec euismod scelerisque, quam turpis adipiscing lorem, vitae mattis nibh ligula nec sem. Duis aliquam convallis nunc. Proin at turpis a pede posuere nonummy. Integer non velit. Donec diam neque, vestibulum eget, vulputate ut, ultrices vel, augue. Vestibulum ante ipsum primis in faucibus orci luctus et ultrices posuere cubilia Curae; Donec pharetra, magna vestibulum aliquet ultrices, erat tortor sollicitudin mi, sit amet lobortis sapien sapien non mi.', 262.02, '2023-11-05 11:04:09', NULL),
	(415, 3, 'Veal - Round, Eye Of', 'Nullam molestie nibh in lectus. Pellentesque at nulla. Suspendisse potenti. Cras in purus eu magna vulputate luctus. Cum sociis natoque penatibus et magnis dis parturient montes, nascetur ridiculus mus. Vivamus vestibulum sagittis sapien.', 588.64, '2023-11-05 11:04:09', NULL),
	(416, 1, 'Pasta - Penne, Lisce, Dry', 'Duis mattis egestas metus. Aenean fermentum. Donec ut mauris eget massa tempor convallis. Nulla neque libero, convallis eget, eleifend luctus, ultricies eu, nibh. Quisque id justo sit amet sapien dignissim vestibulum. Vestibulum ante ipsum primis in faucibus orci luctus et ultrices posuere cubilia Curae; Nulla dapibus dolor vel est. Donec odio justo, sollicitudin ut, suscipit a, feugiat et, eros.', 215.94, '2023-11-05 11:04:09', NULL),
	(417, 18, 'Lobster - Cooked', 'Cras pellentesque volutpat dui.', 608.39, '2023-11-05 11:04:09', NULL),
	(418, 26, 'Wine - Savigny - Les - Beaune', 'Maecenas tincidunt lacus at velit. Vivamus vel nulla eget eros elementum pellentesque. Quisque porta volutpat erat. Quisque erat eros, viverra eget, congue eget, semper rutrum, nulla. Nunc purus. Phasellus in felis.', 868.51, '2023-11-05 11:04:09', NULL),
	(419, 2, 'Bread - Sticks, Thin, Plain', 'Aliquam quis turpis eget elit sodales scelerisque. Mauris sit amet eros. Suspendisse accumsan tortor quis turpis. Sed ante. Vivamus tortor. Duis mattis egestas metus. Aenean fermentum. Donec ut mauris eget massa tempor convallis. Nulla neque libero, convallis eget, eleifend luctus, ultricies eu, nibh. Quisque id justo sit amet sapien dignissim vestibulum.', 950.57, '2023-11-05 11:04:09', NULL),
	(420, 25, 'Ecolab Digiclean Mild Fm', 'Pellentesque ultrices mattis odio. Donec vitae nisi. Nam ultrices, libero non mattis pulvinar, nulla pede ullamcorper augue, a suscipit nulla elit ac nulla. Sed vel enim sit amet nunc viverra dapibus. Nulla suscipit ligula in lacus. Curabitur at ipsum ac tellus semper interdum. Mauris ullamcorper purus sit amet nulla. Quisque arcu libero, rutrum ac, lobortis vel, dapibus at, diam.', 512.57, '2023-11-05 11:04:09', NULL),
	(421, 9, 'Oranges', 'Aliquam sit amet diam in magna bibendum imperdiet. Nullam orci pede, venenatis non, sodales sed, tincidunt eu, felis. Fusce posuere felis sed lacus. Morbi sem mauris, laoreet ut, rhoncus aliquet, pulvinar sed, nisl. Nunc rhoncus dui vel sem.', 521.31, '2023-11-05 11:04:09', NULL),
	(422, 10, 'Juice - Orange 1.89l', 'Vestibulum ante ipsum primis in faucibus orci luctus et ultrices posuere cubilia Curae; Mauris viverra diam vitae quam. Suspendisse potenti. Nullam porttitor lacus at turpis. Donec posuere metus vitae ipsum. Aliquam non mauris. Morbi non lectus. Aliquam sit amet diam in magna bibendum imperdiet. Nullam orci pede, venenatis non, sodales sed, tincidunt eu, felis. Fusce posuere felis sed lacus. Morbi sem mauris, laoreet ut, rhoncus aliquet, pulvinar sed, nisl.', 838.04, '2023-11-05 11:04:09', NULL),
	(423, 9, 'Lettuce - Curly Endive', 'In congue. Etiam justo. Etiam pretium iaculis justo. In hac habitasse platea dictumst. Etiam faucibus cursus urna. Ut tellus.', 932.08, '2023-11-05 11:04:09', NULL),
	(424, 9, 'Lid Tray - 16in Dome', 'Donec semper sapien a libero. Nam dui. Proin leo odio, porttitor id, consequat in, consequat ut, nulla. Sed accumsan felis. Ut at dolor quis odio consequat varius.', 42.30, '2023-11-05 11:04:09', NULL),
	(425, 18, 'Roe - Lump Fish, Red', 'In hac habitasse platea dictumst. Etiam faucibus cursus urna. Ut tellus.', 449.62, '2023-11-05 11:04:09', NULL),
	(426, 9, 'Pork - Belly Fresh', 'Morbi ut odio.', 899.27, '2023-11-05 11:04:09', NULL),
	(427, 23, 'Cod - Fillets', 'Duis ac nibh. Fusce lacus purus, aliquet at, feugiat non, pretium quis, lectus. Suspendisse potenti. In eleifend quam a odio. In hac habitasse platea dictumst. Maecenas ut massa quis augue luctus tincidunt. Nulla mollis molestie lorem.', 23.74, '2023-11-05 11:04:09', NULL),
	(428, 29, 'Beef - Ox Tongue, Pickled', 'Cras mi pede, malesuada in, imperdiet et, commodo vulputate, justo. In blandit ultrices enim. Lorem ipsum dolor sit amet, consectetuer adipiscing elit. Proin interdum mauris non ligula pellentesque ultrices. Phasellus id sapien in sapien iaculis congue. Vivamus metus arcu, adipiscing molestie, hendrerit at, vulputate vitae, nisl. Aenean lectus. Pellentesque eget nunc. Donec quis orci eget orci vehicula condimentum. Curabitur in libero ut massa volutpat convallis.', 254.00, '2023-11-05 11:04:09', NULL),
	(429, 15, 'Veal - Kidney', 'Maecenas rhoncus aliquam lacus.', 681.12, '2023-11-05 11:04:09', NULL),
	(430, 10, 'Bread - Bagels, Plain', 'Nam dui. Proin leo odio, porttitor id, consequat in, consequat ut, nulla. Sed accumsan felis. Ut at dolor quis odio consequat varius. Integer ac leo. Pellentesque ultrices mattis odio.', 48.41, '2023-11-05 11:04:09', NULL),
	(431, 19, 'Sauce - Ranch Dressing', 'Quisque id justo sit amet sapien dignissim vestibulum. Vestibulum ante ipsum primis in faucibus orci luctus et ultrices posuere cubilia Curae; Nulla dapibus dolor vel est. Donec odio justo, sollicitudin ut, suscipit a, feugiat et, eros. Vestibulum ac est lacinia nisi venenatis tristique. Fusce congue, diam id ornare imperdiet, sapien urna pretium nisl, ut volutpat sapien arcu sed augue. Aliquam erat volutpat.', 997.41, '2023-11-05 11:04:09', NULL),
	(432, 3, 'Soup - Campbells Chili Veg', 'Aliquam non mauris. Morbi non lectus. Aliquam sit amet diam in magna bibendum imperdiet.', 84.09, '2023-11-05 11:04:09', NULL),
	(433, 24, 'Chef Hat 25cm', 'Duis consequat dui nec nisi volutpat eleifend. Donec ut dolor. Morbi vel lectus in quam fringilla rhoncus. Mauris enim leo, rhoncus sed, vestibulum sit amet, cursus id, turpis.', 812.07, '2023-11-05 11:04:09', NULL),
	(434, 25, 'Yucca', 'Vivamus tortor. Duis mattis egestas metus. Aenean fermentum. Donec ut mauris eget massa tempor convallis. Nulla neque libero, convallis eget, eleifend luctus, ultricies eu, nibh. Quisque id justo sit amet sapien dignissim vestibulum. Vestibulum ante ipsum primis in faucibus orci luctus et ultrices posuere cubilia Curae; Nulla dapibus dolor vel est. Donec odio justo, sollicitudin ut, suscipit a, feugiat et, eros. Vestibulum ac est lacinia nisi venenatis tristique. Fusce congue, diam id ornare imperdiet, sapien urna pretium nisl, ut volutpat sapien arcu sed augue.', 139.70, '2023-11-05 11:04:09', NULL),
	(435, 22, 'Chips Potato Reg 43g', 'Proin leo odio, porttitor id, consequat in, consequat ut, nulla. Sed accumsan felis. Ut at dolor quis odio consequat varius. Integer ac leo. Pellentesque ultrices mattis odio. Donec vitae nisi. Nam ultrices, libero non mattis pulvinar, nulla pede ullamcorper augue, a suscipit nulla elit ac nulla. Sed vel enim sit amet nunc viverra dapibus. Nulla suscipit ligula in lacus. Curabitur at ipsum ac tellus semper interdum.', 969.18, '2023-11-05 11:04:09', NULL),
	(436, 3, 'Dill Weed - Fresh', 'Mauris enim leo, rhoncus sed, vestibulum sit amet, cursus id, turpis. Integer aliquet, massa id lobortis convallis, tortor risus dapibus augue, vel accumsan tellus nisi eu orci. Mauris lacinia sapien quis libero. Nullam sit amet turpis elementum ligula vehicula consequat. Morbi a ipsum. Integer a nibh. In quis justo. Maecenas rhoncus aliquam lacus. Morbi quis tortor id nulla ultrices aliquet. Maecenas leo odio, condimentum id, luctus nec, molestie sed, justo.', 550.32, '2023-11-05 11:04:09', NULL),
	(437, 6, 'Pecan Raisin - Tarts', 'Nullam molestie nibh in lectus. Pellentesque at nulla. Suspendisse potenti.', 532.05, '2023-11-05 11:04:09', NULL),
	(438, 29, 'Bar Bran Honey Nut', 'Nullam varius. Nulla facilisi. Cras non velit nec nisi vulputate nonummy.', 786.89, '2023-11-05 11:04:09', NULL),
	(439, 26, 'Pasta - Angel Hair', 'In blandit ultrices enim. Lorem ipsum dolor sit amet, consectetuer adipiscing elit. Proin interdum mauris non ligula pellentesque ultrices. Phasellus id sapien in sapien iaculis congue. Vivamus metus arcu, adipiscing molestie, hendrerit at, vulputate vitae, nisl. Aenean lectus.', 64.64, '2023-11-05 11:04:09', NULL),
	(440, 27, 'Table Cloth 54x54 White', 'Aliquam erat volutpat. In congue. Etiam justo. Etiam pretium iaculis justo.', 975.81, '2023-11-05 11:04:09', NULL),
	(441, 19, 'Compound - Strawberry', 'Duis aliquam convallis nunc. Proin at turpis a pede posuere nonummy. Integer non velit. Donec diam neque, vestibulum eget, vulputate ut, ultrices vel, augue. Vestibulum ante ipsum primis in faucibus orci luctus et ultrices posuere cubilia Curae; Donec pharetra, magna vestibulum aliquet ultrices, erat tortor sollicitudin mi, sit amet lobortis sapien sapien non mi. Integer ac neque. Duis bibendum. Morbi non quam nec dui luctus rutrum.', 142.85, '2023-11-05 11:04:09', NULL),
	(442, 11, 'Evaporated Milk - Skim', 'Maecenas leo odio, condimentum id, luctus nec, molestie sed, justo. Pellentesque viverra pede ac diam. Cras pellentesque volutpat dui. Maecenas tristique, est et tempus semper, est quam pharetra magna, ac consequat metus sapien ut nunc. Vestibulum ante ipsum primis in faucibus orci luctus et ultrices posuere cubilia Curae; Mauris viverra diam vitae quam. Suspendisse potenti. Nullam porttitor lacus at turpis. Donec posuere metus vitae ipsum. Aliquam non mauris. Morbi non lectus.', 894.69, '2023-11-05 11:04:09', NULL),
	(443, 20, 'Wine - Red, Colio Cabernet', 'Nulla mollis molestie lorem. Quisque ut erat. Curabitur gravida nisi at nibh. In hac habitasse platea dictumst. Aliquam augue quam, sollicitudin vitae, consectetuer eget, rutrum at, lorem. Integer tincidunt ante vel ipsum.', 589.61, '2023-11-05 11:04:09', NULL),
	(444, 16, 'Cheese - Romano, Grated', 'Nulla tempus. Vivamus in felis eu sapien cursus vestibulum. Proin eu mi. Nulla ac enim. In tempor, turpis nec euismod scelerisque, quam turpis adipiscing lorem, vitae mattis nibh ligula nec sem. Duis aliquam convallis nunc. Proin at turpis a pede posuere nonummy.', 950.26, '2023-11-05 11:04:09', NULL),
	(445, 30, 'Mustard Prepared', 'Cras in purus eu magna vulputate luctus. Cum sociis natoque penatibus et magnis dis parturient montes, nascetur ridiculus mus. Vivamus vestibulum sagittis sapien. Cum sociis natoque penatibus et magnis dis parturient montes, nascetur ridiculus mus.', 451.97, '2023-11-05 11:04:09', NULL),
	(446, 1, 'Broom And Brush Rack Black', 'In sagittis dui vel nisl. Duis ac nibh. Fusce lacus purus, aliquet at, feugiat non, pretium quis, lectus. Suspendisse potenti.', 676.16, '2023-11-05 11:04:09', NULL),
	(447, 30, 'Cream - 35%', 'Mauris lacinia sapien quis libero. Nullam sit amet turpis elementum ligula vehicula consequat. Morbi a ipsum. Integer a nibh. In quis justo. Maecenas rhoncus aliquam lacus. Morbi quis tortor id nulla ultrices aliquet. Maecenas leo odio, condimentum id, luctus nec, molestie sed, justo. Pellentesque viverra pede ac diam.', 810.51, '2023-11-05 11:04:09', NULL),
	(448, 14, 'Pork - Back, Short Cut, Boneless', 'Maecenas tincidunt lacus at velit. Vivamus vel nulla eget eros elementum pellentesque. Quisque porta volutpat erat. Quisque erat eros, viverra eget, congue eget, semper rutrum, nulla. Nunc purus. Phasellus in felis. Donec semper sapien a libero. Nam dui. Proin leo odio, porttitor id, consequat in, consequat ut, nulla. Sed accumsan felis.', 173.40, '2023-11-05 11:04:09', NULL),
	(449, 8, 'Cheese - Brie', 'Nulla nisl. Nunc nisl. Duis bibendum, felis sed interdum venenatis, turpis enim blandit mi, in porttitor pede justo eu massa. Donec dapibus. Duis at velit eu est congue elementum.', 196.04, '2023-11-05 11:04:09', NULL),
	(450, 29, 'Wanton Wrap', 'Vestibulum ante ipsum primis in faucibus orci luctus et ultrices posuere cubilia Curae; Duis faucibus accumsan odio. Curabitur convallis. Duis consequat dui nec nisi volutpat eleifend. Donec ut dolor. Morbi vel lectus in quam fringilla rhoncus. Mauris enim leo, rhoncus sed, vestibulum sit amet, cursus id, turpis. Integer aliquet, massa id lobortis convallis, tortor risus dapibus augue, vel accumsan tellus nisi eu orci.', 62.88, '2023-11-05 11:04:09', NULL),
	(451, 14, 'Sauce - Soy Low Sodium - 3.87l', 'Donec ut mauris eget massa tempor convallis. Nulla neque libero, convallis eget, eleifend luctus, ultricies eu, nibh. Quisque id justo sit amet sapien dignissim vestibulum.', 233.46, '2023-11-05 11:04:09', NULL),
	(452, 26, 'Pepper - Green', 'Duis at velit eu est congue elementum. In hac habitasse platea dictumst. Morbi vestibulum, velit id pretium iaculis, diam erat fermentum justo, nec condimentum neque sapien placerat ante. Nulla justo. Aliquam quis turpis eget elit sodales scelerisque. Mauris sit amet eros. Suspendisse accumsan tortor quis turpis. Sed ante. Vivamus tortor. Duis mattis egestas metus.', 425.43, '2023-11-05 11:04:09', NULL),
	(453, 13, 'Soupfoamcont12oz 112con', 'Proin leo odio, porttitor id, consequat in, consequat ut, nulla. Sed accumsan felis. Ut at dolor quis odio consequat varius. Integer ac leo. Pellentesque ultrices mattis odio. Donec vitae nisi. Nam ultrices, libero non mattis pulvinar, nulla pede ullamcorper augue, a suscipit nulla elit ac nulla.', 745.76, '2023-11-05 11:04:09', NULL),
	(454, 13, 'Glass Clear 7 Oz Xl', 'Integer a nibh. In quis justo.', 283.55, '2023-11-05 11:04:09', NULL),
	(455, 30, 'Sausage - Breakfast', 'Cum sociis natoque penatibus et magnis dis parturient montes, nascetur ridiculus mus. Etiam vel augue. Vestibulum rutrum rutrum neque. Aenean auctor gravida sem. Praesent id massa id nisl venenatis lacinia. Aenean sit amet justo. Morbi ut odio. Cras mi pede, malesuada in, imperdiet et, commodo vulputate, justo. In blandit ultrices enim. Lorem ipsum dolor sit amet, consectetuer adipiscing elit.', 65.52, '2023-11-05 11:04:09', NULL),
	(456, 27, 'Sauce - Alfredo', 'Quisque porta volutpat erat. Quisque erat eros, viverra eget, congue eget, semper rutrum, nulla. Nunc purus. Phasellus in felis. Donec semper sapien a libero. Nam dui.', 802.73, '2023-11-05 11:04:09', NULL),
	(457, 13, 'Chambord Royal', 'Vestibulum ante ipsum primis in faucibus orci luctus et ultrices posuere cubilia Curae; Mauris viverra diam vitae quam. Suspendisse potenti. Nullam porttitor lacus at turpis. Donec posuere metus vitae ipsum.', 396.21, '2023-11-05 11:04:09', NULL),
	(458, 7, 'Foil Wrap', 'Donec diam neque, vestibulum eget, vulputate ut, ultrices vel, augue.', 516.93, '2023-11-05 11:04:09', NULL),
	(459, 20, 'Tea - Camomele', 'Fusce congue, diam id ornare imperdiet, sapien urna pretium nisl, ut volutpat sapien arcu sed augue. Aliquam erat volutpat. In congue. Etiam justo. Etiam pretium iaculis justo. In hac habitasse platea dictumst. Etiam faucibus cursus urna. Ut tellus. Nulla ut erat id mauris vulputate elementum. Nullam varius.', 582.57, '2023-11-05 11:04:09', NULL),
	(460, 1, 'Pasta - Cannelloni, Sheets, Fresh', 'In quis justo. Maecenas rhoncus aliquam lacus. Morbi quis tortor id nulla ultrices aliquet. Maecenas leo odio, condimentum id, luctus nec, molestie sed, justo. Pellentesque viverra pede ac diam. Cras pellentesque volutpat dui. Maecenas tristique, est et tempus semper, est quam pharetra magna, ac consequat metus sapien ut nunc. Vestibulum ante ipsum primis in faucibus orci luctus et ultrices posuere cubilia Curae; Mauris viverra diam vitae quam. Suspendisse potenti. Nullam porttitor lacus at turpis.', 765.52, '2023-11-05 11:04:09', NULL),
	(461, 7, 'Cookie - Dough Variety', 'Vestibulum sed magna at nunc commodo placerat. Praesent blandit. Nam nulla. Integer pede justo, lacinia eget, tincidunt eget, tempus vel, pede. Morbi porttitor lorem id ligula. Suspendisse ornare consequat lectus.', 876.68, '2023-11-05 11:04:09', NULL),
	(462, 19, 'Kaffir Lime Leaves', 'Vestibulum ante ipsum primis in faucibus orci luctus et ultrices posuere cubilia Curae; Donec pharetra, magna vestibulum aliquet ultrices, erat tortor sollicitudin mi, sit amet lobortis sapien sapien non mi. Integer ac neque. Duis bibendum. Morbi non quam nec dui luctus rutrum.', 781.80, '2023-11-05 11:04:09', NULL),
	(463, 4, 'Coke - Classic, 355 Ml', 'Aliquam augue quam, sollicitudin vitae, consectetuer eget, rutrum at, lorem. Integer tincidunt ante vel ipsum. Praesent blandit lacinia erat. Vestibulum sed magna at nunc commodo placerat. Praesent blandit. Nam nulla. Integer pede justo, lacinia eget, tincidunt eget, tempus vel, pede. Morbi porttitor lorem id ligula.', 253.62, '2023-11-05 11:04:09', NULL),
	(464, 16, 'Beer - Corona', 'Duis bibendum. Morbi non quam nec dui luctus rutrum. Nulla tellus. In sagittis dui vel nisl. Duis ac nibh. Fusce lacus purus, aliquet at, feugiat non, pretium quis, lectus.', 982.58, '2023-11-05 11:04:09', NULL),
	(465, 30, 'Tea - Grapefruit Green Tea', 'Vivamus in felis eu sapien cursus vestibulum. Proin eu mi. Nulla ac enim. In tempor, turpis nec euismod scelerisque, quam turpis adipiscing lorem, vitae mattis nibh ligula nec sem. Duis aliquam convallis nunc.', 304.66, '2023-11-05 11:04:09', NULL),
	(466, 26, 'Cheese - Grana Padano', 'Proin at turpis a pede posuere nonummy. Integer non velit. Donec diam neque, vestibulum eget, vulputate ut, ultrices vel, augue. Vestibulum ante ipsum primis in faucibus orci luctus et ultrices posuere cubilia Curae; Donec pharetra, magna vestibulum aliquet ultrices, erat tortor sollicitudin mi, sit amet lobortis sapien sapien non mi. Integer ac neque.', 350.59, '2023-11-05 11:04:09', NULL),
	(467, 15, 'Barramundi', 'In hac habitasse platea dictumst. Morbi vestibulum, velit id pretium iaculis, diam erat fermentum justo, nec condimentum neque sapien placerat ante. Nulla justo. Aliquam quis turpis eget elit sodales scelerisque. Mauris sit amet eros. Suspendisse accumsan tortor quis turpis. Sed ante.', 977.01, '2023-11-05 11:04:09', NULL),
	(468, 19, 'Cake - Cake Sheet Macaroon', 'Nulla suscipit ligula in lacus. Curabitur at ipsum ac tellus semper interdum. Mauris ullamcorper purus sit amet nulla. Quisque arcu libero, rutrum ac, lobortis vel, dapibus at, diam. Nam tristique tortor eu pede.', 14.49, '2023-11-05 11:04:09', NULL),
	(469, 22, 'Eggs - Extra Large', 'Nunc rhoncus dui vel sem. Sed sagittis. Nam congue, risus semper porta volutpat, quam pede lobortis ligula, sit amet eleifend pede libero quis orci. Nullam molestie nibh in lectus. Pellentesque at nulla. Suspendisse potenti. Cras in purus eu magna vulputate luctus.', 62.03, '2023-11-05 11:04:09', NULL),
	(470, 23, 'Melon - Watermelon Yellow', 'Proin interdum mauris non ligula pellentesque ultrices.', 320.74, '2023-11-05 11:04:09', NULL),
	(471, 1, 'Lamb - Sausage Casings', 'Quisque ut erat. Curabitur gravida nisi at nibh. In hac habitasse platea dictumst. Aliquam augue quam, sollicitudin vitae, consectetuer eget, rutrum at, lorem. Integer tincidunt ante vel ipsum.', 827.22, '2023-11-05 11:04:09', NULL),
	(472, 7, 'Coffee - Frthy Coffee Crisp', 'Fusce posuere felis sed lacus. Morbi sem mauris, laoreet ut, rhoncus aliquet, pulvinar sed, nisl. Nunc rhoncus dui vel sem. Sed sagittis. Nam congue, risus semper porta volutpat, quam pede lobortis ligula, sit amet eleifend pede libero quis orci. Nullam molestie nibh in lectus. Pellentesque at nulla. Suspendisse potenti. Cras in purus eu magna vulputate luctus.', 624.29, '2023-11-05 11:04:09', NULL),
	(473, 21, 'Daves Island Stinger', 'Donec semper sapien a libero. Nam dui.', 489.83, '2023-11-05 11:04:09', NULL),
	(474, 9, 'Creme De Banane - Marie', 'Pellentesque viverra pede ac diam. Cras pellentesque volutpat dui.', 234.79, '2023-11-05 11:04:09', NULL),
	(475, 15, 'Pie Filling - Pumpkin', 'Donec ut dolor. Morbi vel lectus in quam fringilla rhoncus.', 548.45, '2023-11-05 11:04:09', NULL),
	(476, 28, 'Pan Grease', 'Aliquam augue quam, sollicitudin vitae, consectetuer eget, rutrum at, lorem. Integer tincidunt ante vel ipsum. Praesent blandit lacinia erat. Vestibulum sed magna at nunc commodo placerat. Praesent blandit. Nam nulla. Integer pede justo, lacinia eget, tincidunt eget, tempus vel, pede. Morbi porttitor lorem id ligula. Suspendisse ornare consequat lectus. In est risus, auctor sed, tristique in, tempus sit amet, sem.', 329.70, '2023-11-05 11:04:09', NULL),
	(477, 22, 'Mini - Vol Au Vents', 'Donec posuere metus vitae ipsum. Aliquam non mauris. Morbi non lectus.', 91.20, '2023-11-05 11:04:09', NULL),
	(478, 18, 'Dc Hikiage Hira Huba', 'Pellentesque eget nunc. Donec quis orci eget orci vehicula condimentum. Curabitur in libero ut massa volutpat convallis. Morbi odio odio, elementum eu, interdum eu, tincidunt in, leo. Maecenas pulvinar lobortis est. Phasellus sit amet erat. Nulla tempus.', 436.68, '2023-11-05 11:04:09', NULL),
	(479, 2, 'Pastry - Baked Scones - Mini', 'Lorem ipsum dolor sit amet, consectetuer adipiscing elit. Proin interdum mauris non ligula pellentesque ultrices. Phasellus id sapien in sapien iaculis congue. Vivamus metus arcu, adipiscing molestie, hendrerit at, vulputate vitae, nisl. Aenean lectus. Pellentesque eget nunc.', 891.14, '2023-11-05 11:04:09', NULL),
	(480, 11, 'Bagelers - Cinn / Brown Sugar', 'Fusce lacus purus, aliquet at, feugiat non, pretium quis, lectus. Suspendisse potenti. In eleifend quam a odio. In hac habitasse platea dictumst. Maecenas ut massa quis augue luctus tincidunt. Nulla mollis molestie lorem. Quisque ut erat. Curabitur gravida nisi at nibh.', 473.72, '2023-11-05 11:04:09', NULL),
	(481, 19, 'Beef - Short Ribs', 'Duis mattis egestas metus. Aenean fermentum. Donec ut mauris eget massa tempor convallis. Nulla neque libero, convallis eget, eleifend luctus, ultricies eu, nibh. Quisque id justo sit amet sapien dignissim vestibulum. Vestibulum ante ipsum primis in faucibus orci luctus et ultrices posuere cubilia Curae; Nulla dapibus dolor vel est. Donec odio justo, sollicitudin ut, suscipit a, feugiat et, eros. Vestibulum ac est lacinia nisi venenatis tristique. Fusce congue, diam id ornare imperdiet, sapien urna pretium nisl, ut volutpat sapien arcu sed augue. Aliquam erat volutpat.', 198.84, '2023-11-05 11:04:09', NULL),
	(482, 12, 'Rum - Light, Captain Morgan', 'Nullam molestie nibh in lectus. Pellentesque at nulla. Suspendisse potenti. Cras in purus eu magna vulputate luctus. Cum sociis natoque penatibus et magnis dis parturient montes, nascetur ridiculus mus.', 646.12, '2023-11-05 11:04:09', NULL),
	(483, 12, 'Cheese - St. Paulin', 'Donec odio justo, sollicitudin ut, suscipit a, feugiat et, eros. Vestibulum ac est lacinia nisi venenatis tristique.', 436.14, '2023-11-05 11:04:09', NULL),
	(484, 6, 'Sugar - Icing', 'Vivamus vel nulla eget eros elementum pellentesque. Quisque porta volutpat erat. Quisque erat eros, viverra eget, congue eget, semper rutrum, nulla.', 430.85, '2023-11-05 11:04:09', NULL),
	(485, 19, 'Paste - Black Olive', 'Nulla tellus. In sagittis dui vel nisl. Duis ac nibh. Fusce lacus purus, aliquet at, feugiat non, pretium quis, lectus. Suspendisse potenti. In eleifend quam a odio. In hac habitasse platea dictumst.', 918.27, '2023-11-05 11:04:09', NULL),
	(486, 24, 'General Purpose Trigger', 'Lorem ipsum dolor sit amet, consectetuer adipiscing elit. Proin interdum mauris non ligula pellentesque ultrices. Phasellus id sapien in sapien iaculis congue. Vivamus metus arcu, adipiscing molestie, hendrerit at, vulputate vitae, nisl. Aenean lectus. Pellentesque eget nunc. Donec quis orci eget orci vehicula condimentum. Curabitur in libero ut massa volutpat convallis.', 414.63, '2023-11-05 11:04:09', NULL),
	(487, 29, 'Fish - Bones', 'Pellentesque eget nunc. Donec quis orci eget orci vehicula condimentum. Curabitur in libero ut massa volutpat convallis. Morbi odio odio, elementum eu, interdum eu, tincidunt in, leo. Maecenas pulvinar lobortis est. Phasellus sit amet erat. Nulla tempus. Vivamus in felis eu sapien cursus vestibulum. Proin eu mi.', 809.73, '2023-11-05 11:04:09', NULL),
	(488, 7, 'Garbage Bags - Clear', 'Suspendisse ornare consequat lectus. In est risus, auctor sed, tristique in, tempus sit amet, sem. Fusce consequat. Nulla nisl.', 913.77, '2023-11-05 11:04:09', NULL),
	(489, 6, 'Potatoes - Idaho 80 Count', 'Vestibulum ante ipsum primis in faucibus orci luctus et ultrices posuere cubilia Curae; Nulla dapibus dolor vel est. Donec odio justo, sollicitudin ut, suscipit a, feugiat et, eros. Vestibulum ac est lacinia nisi venenatis tristique. Fusce congue, diam id ornare imperdiet, sapien urna pretium nisl, ut volutpat sapien arcu sed augue. Aliquam erat volutpat. In congue.', 774.68, '2023-11-05 11:04:09', NULL),
	(490, 22, 'Pepper - White, Whole', 'Nunc nisl. Duis bibendum, felis sed interdum venenatis, turpis enim blandit mi, in porttitor pede justo eu massa. Donec dapibus. Duis at velit eu est congue elementum. In hac habitasse platea dictumst. Morbi vestibulum, velit id pretium iaculis, diam erat fermentum justo, nec condimentum neque sapien placerat ante. Nulla justo. Aliquam quis turpis eget elit sodales scelerisque.', 504.03, '2023-11-05 11:04:09', NULL),
	(491, 29, 'Sugar - Monocystal / Rock', 'Donec ut mauris eget massa tempor convallis. Nulla neque libero, convallis eget, eleifend luctus, ultricies eu, nibh. Quisque id justo sit amet sapien dignissim vestibulum. Vestibulum ante ipsum primis in faucibus orci luctus et ultrices posuere cubilia Curae; Nulla dapibus dolor vel est. Donec odio justo, sollicitudin ut, suscipit a, feugiat et, eros. Vestibulum ac est lacinia nisi venenatis tristique.', 224.11, '2023-11-05 11:04:09', NULL),
	(492, 8, 'Lotus Leaves', 'Morbi porttitor lorem id ligula. Suspendisse ornare consequat lectus. In est risus, auctor sed, tristique in, tempus sit amet, sem. Fusce consequat. Nulla nisl. Nunc nisl. Duis bibendum, felis sed interdum venenatis, turpis enim blandit mi, in porttitor pede justo eu massa. Donec dapibus. Duis at velit eu est congue elementum. In hac habitasse platea dictumst.', 807.32, '2023-11-05 11:04:09', NULL),
	(493, 3, 'Watercress', 'Sed sagittis. Nam congue, risus semper porta volutpat, quam pede lobortis ligula, sit amet eleifend pede libero quis orci. Nullam molestie nibh in lectus.', 426.14, '2023-11-05 11:04:09', NULL),
	(494, 11, 'Creme De Menth - White', 'Proin leo odio, porttitor id, consequat in, consequat ut, nulla. Sed accumsan felis.', 246.07, '2023-11-05 11:04:09', NULL),
	(495, 8, 'Ecolab Silver Fusion', 'Maecenas leo odio, condimentum id, luctus nec, molestie sed, justo. Pellentesque viverra pede ac diam. Cras pellentesque volutpat dui. Maecenas tristique, est et tempus semper, est quam pharetra magna, ac consequat metus sapien ut nunc. Vestibulum ante ipsum primis in faucibus orci luctus et ultrices posuere cubilia Curae; Mauris viverra diam vitae quam. Suspendisse potenti. Nullam porttitor lacus at turpis. Donec posuere metus vitae ipsum.', 415.55, '2023-11-05 11:04:09', NULL),
	(496, 16, 'Cheese - Victor Et Berthold', 'Vivamus vestibulum sagittis sapien. Cum sociis natoque penatibus et magnis dis parturient montes, nascetur ridiculus mus. Etiam vel augue. Vestibulum rutrum rutrum neque. Aenean auctor gravida sem. Praesent id massa id nisl venenatis lacinia. Aenean sit amet justo.', 412.43, '2023-11-05 11:04:09', NULL),
	(497, 9, 'Vinegar - Sherry', 'Cum sociis natoque penatibus et magnis dis parturient montes, nascetur ridiculus mus. Vivamus vestibulum sagittis sapien. Cum sociis natoque penatibus et magnis dis parturient montes, nascetur ridiculus mus. Etiam vel augue. Vestibulum rutrum rutrum neque. Aenean auctor gravida sem. Praesent id massa id nisl venenatis lacinia. Aenean sit amet justo.', 755.00, '2023-11-05 11:04:09', NULL),
	(498, 15, 'Pineapple - Canned, Rings', 'Maecenas tristique, est et tempus semper, est quam pharetra magna, ac consequat metus sapien ut nunc. Vestibulum ante ipsum primis in faucibus orci luctus et ultrices posuere cubilia Curae; Mauris viverra diam vitae quam. Suspendisse potenti. Nullam porttitor lacus at turpis. Donec posuere metus vitae ipsum. Aliquam non mauris. Morbi non lectus.', 24.28, '2023-11-05 11:04:09', NULL),
	(499, 4, 'Wine - Prem Select Charddonany', 'Vestibulum quam sapien, varius ut, blandit non, interdum in, ante. Vestibulum ante ipsum primis in faucibus orci luctus et ultrices posuere cubilia Curae; Duis faucibus accumsan odio. Curabitur convallis. Duis consequat dui nec nisi volutpat eleifend. Donec ut dolor. Morbi vel lectus in quam fringilla rhoncus.', 29.08, '2023-11-05 11:04:09', NULL),
	(500, 25, 'Extract Vanilla Pure', 'Integer ac neque. Duis bibendum.', 778.39, '2023-11-05 11:04:09', NULL);

/*!40103 SET TIME_ZONE=IFNULL(@OLD_TIME_ZONE, 'system') */;
/*!40101 SET SQL_MODE=IFNULL(@OLD_SQL_MODE, '') */;
/*!40014 SET FOREIGN_KEY_CHECKS=IFNULL(@OLD_FOREIGN_KEY_CHECKS, 1) */;
/*!40101 SET CHARACTER_SET_CLIENT=@OLD_CHARACTER_SET_CLIENT */;
/*!40111 SET SQL_NOTES=IFNULL(@OLD_SQL_NOTES, 1) */;
